StartedAt,DownloadedSpeed,UploadedSpeed,Latency,Jitter,DownloadedLatency,DownloadedJitter,UploadedLatency,UploadedJitter
2025-03-19T04:30:01.8234550+00:00,404479239.69753075,411673488.59801185,6.566001,1.5555092105263153,37.3254295,38.26188988888889,7.009049499999993,29.577137176470575
2025-03-19T04:45:01.8405570+00:00,455553401.9434837,456355317.8809385,5.584143999999998,1.5342319473684196,36.363176499999994,48.914825037037026,5.529405500000006,1.421057705882353
2025-03-19T05:00:01.8390141+00:00,427739532.8359877,439665456.9797609,6.097959999999997,1.6680269473684206,30.412297000000006,45.35216888888887,6.416446,50.87206147058822
2025-03-19T05:15:01.8589527+00:00,450608526.75766516,378461576.57129943,6.264685499999999,1.3523078421052617,28.8152205,43.01830255555556,6.6990675,1.3553344705882344
2025-03-19T05:30:01.8645218+00:00,449098080.25544584,394705409.04357934,6.162051999999999,1.538261473684212,25.299656,27.456762703703703,6.410984499999999,26.579454529411763
2025-03-19T06:00:01.8858430+00:00,412197778.10189086,379992792.31838626,6.351297500000001,1.07716894736842,48.484429500000005,57.675931148148145,6.7673559999999995,25.53168941176471
2025-03-19T06:15:01.8930140+00:00,448776405.80227077,411242410.62414503,5.8891835000000015,1.3394918421052626,25.736019499999998,54.707406666666664,6.06166100000001,1.958740470588233
2025-03-19T06:30:01.9344577+00:00,415383998.9246645,386481268.9364083,5.924394500000002,1.1527127368421053,24.2384035,25.39867007407408,6.002711499999988,25.427309176470576
2025-03-19T06:45:01.9345220+00:00,399950284.6883513,440334575.02103144,6.080255000000001,2.516068684210523,24.859340000000003,45.84659114814814,6.295598999999997,1.015117294117647
2025-03-19T07:00:01.9151966+00:00,434319455.86230636,314056161.9785401,6.236608499999999,1.9130479473684228,31.69023,36.31065455555555,6.190124999999998,1.2716237647058817
2025-03-19T07:15:01.9505358+00:00,453691430.9583956,448155188.547638,5.487422999999996,1.2296843157894726,61.0411335,52.544366555555555,5.530663499999992,1.0448238235294152
2025-03-19T07:30:01.9401972+00:00,420792026.25687575,442272723.45765567,6.169936,1.0931013157894738,30.111986499999997,61.15460348148148,6.5987095,1.1484577647058833
2025-03-19T07:45:01.9482224+00:00,423114354.6529928,352601860.423979,6.007508000000001,1.0515933157894728,24.849136000000005,32.616959259259254,7.015954999999992,50.730812294117655
2025-03-19T08:15:01.9710528+00:00,420545915.7374103,343934834.1256486,6.091172999999998,1.705810789473684,29.236907,32.18616040740741,6.715277999999998,25.975123352941182
2025-03-19T08:45:01.9877618+00:00,428708259.2348919,379783137.8246055,5.663852000000002,1.2287820526315798,27.970308500000005,46.75167337037038,6.162129,38.81690229411766
2025-03-19T09:15:02.4595104+00:00,442001185.6392357,331225376.2477077,5.883164499999996,1.8170980526315792,25.751588499999993,29.44256314814815,6.478935500000002,52.34253652941176
2025-03-19T09:30:02.0135595+00:00,459648940.4402361,407172109.0548057,6.313432499999998,1.2658918947368418,25.282289999999996,26.605706407407403,6.10268,26.31864017647058
2025-03-19T10:00:02.0207368+00:00,508084794.04096174,444632528.7234468,5.834250499999996,1.4622665263157908,43.508850499999994,24.02604651851852,6.121248499999986,1.2659769999999975
2025-03-19T10:45:02.0386397+00:00,491810546.56575453,465540619.75431126,6.591203500000002,1.2924496315789462,32.1827595,37.0675652962963,6.2831525,1.36113270588235
2025-03-19T11:00:02.0490130+00:00,427877776.8852503,314892794.89817905,6.532757500000006,1.629329789473683,37.7952345,31.993303074074078,6.457377000000003,50.409678235294116
2025-03-19T11:15:02.0644375+00:00,481287513.5085103,507663442.70387375,6.511192999999999,2.2514433684210533,24.087909500000002,27.591882555555568,6.367392,1.793715352941177
2025-03-19T11:30:02.0664184+00:00,475730239.6043814,479871030.4554109,6.337715500000005,1.720953,35.25478700000001,60.28158007407409,6.22182800000001,51.33349935294117
2025-03-19T11:45:02.0954260+00:00,423897901.1987165,311824585.17294884,6.759782500000007,2.690249842105265,30.071509999999996,35.285273555555555,6.696409,27.293833647058825
2025-03-19T12:00:02.0976609+00:00,416937279.85244644,371586409.6222317,7.091009999999997,2.4632690526315795,27.4515505,34.89452196296296,6.823262999999999,51.527316411764694
2025-03-19T12:30:02.1132678+00:00,462122005.9326145,436158717.8182813,5.957459,1.487429368421051,33.400104999999996,28.284145814814817,6.257032000000001,50.64248511764706
2025-03-19T12:45:02.1244390+00:00,413623008.2016183,297818109.7739331,6.868645000000001,2.342709578947366,25.505326500000002,43.16541777777778,6.8591584999999995,25.030261764705887
2025-03-19T13:00:02.1285542+00:00,483231343.10724497,452871789.0406926,6.4452880000000015,1.213256684210526,31.3919055,28.607948740740742,6.187071,52.48816635294117
2025-03-19T13:15:02.1457633+00:00,420377855.0214862,343048391.2527422,6.128081000000002,2.1235741052631587,28.1747795,32.911166629629626,6.673798999999999,51.98118323529412
2025-03-19T13:30:02.1433130+00:00,407772696.4903155,366237763.62017334,6.1668720000000015,1.8833434736842094,31.697140000000005,53.72845014814815,6.719624500000003,26.09890982352941
2025-03-19T13:45:02.1493893+00:00,400607600.4123739,331325159.4422011,6.351604000000002,1.4750704736842097,26.850766999999998,40.624150888888884,6.354631499999998,50.06596205882352
2025-03-19T14:00:02.1617388+00:00,417832722.63512117,186326696.20726377,6.894935499999999,1.293581105263159,28.9310605,28.179975518518518,6.904085000000002,65.57957147058822
2025-03-19T14:15:02.1631515+00:00,457830387.64741194,395832019.4080208,6.284013999999999,1.8926687894736844,37.369018000000004,48.71794733333335,6.5794455,26.412688117647058
2025-03-19T14:30:02.1662292+00:00,452043389.4826148,421656155.9511146,7.052893000000001,1.0038503684210538,49.46927049999999,43.71495185185184,6.877371499999999,1.5562123529411753
2025-03-19T14:45:02.1649595+00:00,472377090.6944726,415145907.7960588,5.723300499999997,1.4313041578947368,35.757002,35.75794651851852,6.1729505,26.519830235294126
2025-03-19T15:00:02.1722644+00:00,454158874.4641502,373449543.04035866,6.153901000000001,1.8590654736842094,27.672039000000005,24.54894933333334,6.135248500000009,26.0345977647059
2025-03-19T15:15:02.1805622+00:00,469917227.1246332,450428395.9710715,6.283696500000001,2.137396315789474,30.255855499999996,26.611182074074073,6.321264000000002,25.960378764705894
2025-03-19T15:30:02.1853205+00:00,470817193.0476103,387030688.8552373,5.613243000000001,1.0394246315789477,62.2748975,55.61524944444445,6.695246,25.848208529411764
2025-03-19T16:00:02.1902738+00:00,444979534.8424349,441895224.2302977,7.0179705000000006,1.8548671052631578,27.8758475,27.941425925925927,6.684327000000009,25.357514176470588
2025-03-19T16:15:02.1929436+00:00,504235860.17437947,393760240.87016577,6.4998735,2.1959645789473714,29.615749999999995,41.25400911111112,6.7059715,51.39013970588235
2025-03-19T16:30:02.2090464+00:00,448498179.32516694,294929146.6567324,7.1389815,3.484091421052628,27.7175575,37.75393359259259,6.228436000000012,51.490829294117646
2025-03-19T17:45:02.3009479+00:00,474461597.0276016,382290521.433204,6.171548999999999,1.1320573684210526,46.189014,33.38347803703704,6.202839999999998,51.00906905882352
2025-03-19T18:30:02.2767281+00:00,524438277.22140145,531182248.5957263,6.1902905,23.277501789473686,54.362337999999994,42.074511888888885,6.103837,25.686616411764707
2025-03-19T18:45:02.2864294+00:00,480013997.7441333,401941796.67238337,5.946432000000003,1.4326974210526315,36.42761449999999,49.130608888888894,6.165015,1.0984061176470512
2025-03-19T20:00:02.3274946+00:00,478431060.31739986,382998917.2637174,6.5837325000000035,1.168088894736845,79.714137,37.52449362962963,6.473510000000001,1.5423407647058889
2025-03-19T20:45:02.3600911+00:00,503620069.8988787,488487185.96151745,6.008217999999998,1.1021827894736829,28.091402000000002,36.62637988888889,6.2386159999999995,1.5153910588235293
2025-03-19T21:00:02.3536269+00:00,491655741.226447,410645894.08219975,6.140082500000002,1.3471568421052633,22.9893885,23.7446627037037,6.710785499999999,1.1760590588235307
2025-03-19T21:45:01.8383256+00:00,515467536.4178732,356178757.82342076,6.034210500000004,22.969712842105263,25.271911499999998,33.314369444444445,6.234798999999983,1.5857322352941168
2025-03-19T22:00:01.3903841+00:00,429031619.2214919,416272556.7171044,6.559520499999998,2.1753550526315792,27.737986,28.05613674074074,6.257555999999992,26.147628764705882
2025-03-19T22:15:01.3766011+00:00,488660865.640485,436995974.01562035,6.6725475,0.9486069999999989,74.9072165,64.74947125925927,6.684040500000002,0.7841811764705847
2025-03-19T22:30:01.3730857+00:00,482797280.742771,501243616.52929205,5.980669499999998,0.9429197894736845,51.3519695,59.464332999999996,6.197555500000005,50.58456435294118
2025-03-19T22:45:01.3919933+00:00,502444278.3982359,421365488.5455545,5.738968500000004,1.1047871052631584,46.3871675,52.084264222222224,5.932167,26.66432499999999
2025-03-19T23:00:01.3980116+00:00,440819324.1898113,376407393.84876585,6.520251999999999,1.3483701578947396,37.070972000000005,41.49286685185186,6.214807500000001,25.93152423529412
2025-03-19T23:15:01.4110993+00:00,464589033.42461836,377440718.233384,6.069534000000004,2.3139062631578957,28.8944765,29.493684629629634,6.305350000000004,25.834650705882353
2025-03-19T23:30:01.4300439+00:00,492450209.18063235,363639938.7772166,6.513593999999998,1.4523251578947367,46.9211415,54.28685355555557,6.948414499999998,0.9604689999999948
2025-03-19T23:45:01.4356259+00:00,479963940.3136627,416532144.90420175,6.114901500000002,1.3247232631578953,24.5923175,28.522815740740743,6.689215999999999,25.883579941176468
2025-03-20T00:00:01.4408744+00:00,467296710.5748854,436362083.94053465,6.077754499999999,1.1150970526315775,46.839530499999995,56.011468629629626,6.120195999999998,1.1350889411764693
2025-03-20T00:15:01.4440596+00:00,490472831.17014384,338115891.17541414,6.419778000000001,1.1947234210526307,31.827129000000003,25.21420196296296,6.647910499999988,1.8784805882352926
2025-03-20T00:30:01.4617877+00:00,446195708.7140226,539350426.7905135,6.1105920000000005,1.2733423684210516,45.8094335,31.313567259259262,6.074936999999999,1.2639382941176445
2025-03-20T00:45:01.4592366+00:00,457440220.58124846,437521535.8485619,6.862174999999999,1.0624366315789462,56.117335,43.91053314814816,6.313641,26.53441570588236
2025-03-20T01:00:01.4594252+00:00,416941627.68494236,441143857.84456736,6.189481499999999,1.3238015263157887,39.186689,36.06992862962963,6.1844205,1.5599901764705866
2025-03-20T01:15:01.4648467+00:00,463065248.1313358,349237766.8614981,6.324845499999995,0.7902047894736847,22.907954000000004,19.456333296296293,6.365827999999951,0.6228835294117566
2025-03-20T01:30:01.4980428+00:00,474704869.60495615,397403186.0620718,5.997073,1.036211999999999,22.038922999999997,29.387302407407415,6.551057999999985,27.067688529411758
2025-03-20T01:45:01.4711108+00:00,490334480.2473783,513248385.6897896,5.701584999999998,2.587386842105262,26.465460999999998,30.015044074074062,5.578910999999999,1.0197148823529407
2025-03-20T02:00:01.4652187+00:00,438564150.00901103,514170857.993472,6.0426985,0.6363311052631575,27.1748405,42.50261737037036,6.088318000000001,1.6543261764705874
2025-03-20T02:15:01.4954790+00:00,502824824.1659176,558383213.0829641,6.8428465,0.9971864210526306,25.6355065,37.2892867037037,7.222316499999998,102.80372652941176
2025-03-20T02:30:01.4784068+00:00,467094691.44181633,418074546.7217052,6.779533499999999,1.1250101578947385,28.388185,39.55055414814815,6.74360149999998,26.315155000000008
2025-03-20T02:45:01.4859665+00:00,419729277.86089784,383291709.36679554,6.084043000000001,0.9605521578947367,27.917807,45.96550218518519,6.4318195000000005,50.61124505882352
2025-03-20T03:00:01.4960445+00:00,403766578.2262391,366879625.9256041,6.385545499999999,1.82333752631579,23.216261500000005,27.975001592592598,6.494298499999999,49.07827500000001
2025-03-20T03:15:01.5087878+00:00,439225597.7492515,428779310.1141703,6.371005999999998,0.7808313684210527,38.72062,39.12188603703704,6.031138499999999,25.545999764705886
2025-03-20T03:30:01.5160353+00:00,504676243.6597844,518398163.8022976,6.147929999999995,1.594205631578947,61.1324095,52.21950255555554,6.1564975,25.784893647058826
2025-03-20T03:45:01.5198658+00:00,384317892.4716721,318615135.8535329,6.827736999999999,1.5598921578947385,33.0776065,63.439905222222244,6.606318499999996,26.239411294117662
2025-03-20T04:00:01.5229524+00:00,413140218.03810525,376552410.4084159,6.540595500000002,1.2232988947368442,23.8303565,41.6774772962963,6.644904999999982,28.63681117647059
2025-03-20T04:15:01.5368139+00:00,481252887.48992765,494366758.42069066,5.873405000000002,1.519408368421055,50.474709,46.32904940740742,5.7415065,25.96226870588235
2025-03-20T04:30:01.5541369+00:00,441388818.18372464,435009694.0748459,6.195908999999997,0.6268887894736848,26.2371195,37.35731066666668,6.0736175,0.6757318823529413
2025-03-20T04:45:01.5618446+00:00,464378895.5119937,443747824.689599,6.514830500000002,1.918517157894736,33.312782500000004,24.92705637037037,6.305920000000006,0.7859301176470582
2025-03-20T05:00:01.5717184+00:00,467270048.613161,494734046.10778123,5.7587965000000025,23.054048315789473,63.8541985,34.20822933333334,6.149050000000003,51.29114982352941
2025-03-20T05:15:01.9924358+00:00,458900186.0628021,422738999.4797726,6.584014,2.122371947368419,39.414384,40.926778074074086,6.602995500000008,25.885417235294117
2025-03-20T05:30:01.5912388+00:00,461333128.9306316,435983170.2285836,5.850951999999996,0.8877088947368426,56.3957805,41.4717705925926,6.129253999999999,51.59025176470589
2025-03-20T05:45:01.5993643+00:00,414655537.03704065,345985305.27103275,6.370308000000001,1.0517267368421066,25.260397499999996,28.261724703703706,6.540905500000001,1.0060411764705908
2025-03-20T06:00:01.6095851+00:00,394922710.9285465,330085591.2298513,7.0112100000000055,2.256888315789471,41.870986,49.20478951851852,6.7395169999999975,26.53485352941177
2025-03-20T06:15:01.6083430+00:00,433927636.1026099,387210463.9739698,6.061193000000003,1.6680777368421043,49.94574250000001,36.87605748148149,6.1398885,26.336638470588237
2025-03-20T06:30:01.6256941+00:00,469254951.56000644,338756189.32987523,6.949869,1.3865414736842094,24.795828500000006,44.011886370370355,6.234783999999994,26.74739235294118
2025-03-20T06:45:01.6268617+00:00,480990559.38988936,430386469.3960415,6.1075835000000005,0.936208526315788,60.011590999999996,35.95006155555556,6.018449,26.94958952941177
2025-03-20T07:00:01.6392595+00:00,423366598.69639635,447594306.1845341,6.691286999999999,23.585036842105268,76.548923,75.81983351851852,6.606597999999998,27.04492611764705
2025-03-20T07:15:01.6486424+00:00,383029194.7229814,428898254.63175756,6.378932500000005,1.5357468947368427,30.932681000000002,49.800794555555555,6.769164499999999,26.520893764705885
2025-03-20T07:30:01.6605385+00:00,382386317.09932554,267561181.33990923,6.730729499999999,1.2805686842105277,28.690690999999998,30.03429600000001,6.468905500000002,50.062410941176466
2025-03-20T07:45:01.6642290+00:00,406244313.3291304,437011035.755524,6.891189999999998,1.4167310526315786,31.101532499999998,25.09380844444445,6.490627,0.6837764705882325
2025-03-20T08:00:01.6685175+00:00,405148118.9653469,342205249.65492165,6.475258999999998,1.3411569999999988,28.495278500000005,26.434919074074077,5.779537,51.27588958823529
2025-03-20T08:15:01.6805242+00:00,441134516.33827806,385103307.3636243,6.410714999999996,0.5812091052631573,24.219172,21.638000444444447,6.805371499999999,25.94555335294117
2025-03-20T08:30:01.6908910+00:00,395448248.07786214,451415532.2661409,6.371746000000005,23.44390431578947,29.8551515,57.27217155555556,6.6502855,27.095594941176472
2025-03-20T08:45:01.6869426+00:00,474458992.9566105,461871267.23492664,5.800896999999999,1.4893348947368419,29.669486500000005,31.125466814814814,5.785198000000003,1.5003901764705938
2025-03-20T09:00:01.6934162+00:00,495520501.63717234,396118645.77068746,5.819842999999999,1.0629819473684214,45.485497,45.09025937037037,5.718769499999999,0.8759664117647064
2025-03-20T09:15:01.7079052+00:00,452269286.92870396,376141337.6353612,6.745419499999997,2.005038631578946,29.505735,58.35764392592593,6.3250435,1.2108220000000003
2025-03-20T09:30:02.1561694+00:00,455470607.676709,435167269.28576255,6.5082894999999965,0.42668499999999837,62.4086695,35.313802407407415,6.439554500000014,25.50055564705882
2025-03-20T09:45:01.7266754+00:00,459587883.94302356,539087489.272511,5.324529500000001,0.8588143684210526,69.23110199999999,78.10379114814813,5.169382000000001,25.44332476470588
2025-03-20T10:00:01.7288116+00:00,404089086.4151643,344282463.9186405,6.435313000000004,1.1960589473684216,26.910679500000004,62.12968529629629,6.261740499999998,26.024028588235296
2025-03-20T10:15:01.7446954+00:00,425409400.0150873,389641221.60218847,6.083032500000002,2.0240167368421056,31.498999499999996,33.70992003703704,6.489553499999991,1.555286176470591
2025-03-20T10:30:01.7456888+00:00,456025479.29862463,402812875.1127323,6.179255000000001,1.6584903157894757,47.13612,39.88812407407408,6.184993500000003,14.822550764705879
2025-03-20T10:45:01.7529198+00:00,506844098.6530698,361993489.9745932,6.019492,1.0100114210526319,45.5512835,35.28946877777776,5.9182255,25.9383955882353
2025-03-20T11:00:01.7516464+00:00,364944452.59228545,375156207.43259215,7.065399000000006,1.589555210526318,29.730473500000006,39.08091292592592,7.142354499999996,25.039003941176468
2025-03-20T11:15:01.7710037+00:00,420129301.3104509,413706279.40177584,6.617361999999996,1.3973909999999996,28.646726500000003,37.551635925925936,6.6392324999999985,25.160906588235292
2025-03-20T11:30:01.7906251+00:00,444767039.74611133,310072385.0735994,6.987549000000001,1.6771062631578881,30.165392500000003,21.970443296296295,6.6756185000000015,62.612723294117664
2025-03-20T11:45:01.7919068+00:00,471694446.47481185,432698065.92710793,6.164588999999999,1.0256109473684205,35.108478,46.06251981481482,6.380988499999998,1.416360764705882
2025-03-20T12:00:01.7876655+00:00,435664428.59897745,435160012.0212019,5.962235,1.4444020526315795,34.451392999999996,32.9269308888889,5.992983499999994,1.0149555882352925
2025-03-20T12:15:01.7960670+00:00,375623569.4813034,312332022.96413934,6.385866,1.0136299999999976,32.720498500000005,34.773493888888886,6.663885000000009,26.136862411764703
2025-03-20T12:30:01.8070797+00:00,440423053.8688982,370546575.2784547,6.072881499999998,1.0252345789473665,31.127686500000006,35.99200348148148,6.292485499999969,25.504292882352946
2025-03-20T12:45:01.8207981+00:00,349139670.38077265,313383998.8318828,6.946104999999999,5.92279115789474,34.157391,53.63825755555555,6.841119499999997,88.2354767647059
2025-03-20T13:00:01.8434846+00:00,359296450.7749381,144377969.44120088,7.613036000000008,1.3894296842105285,31.520036499999996,47.18143929629628,7.772917500000001,76.60923370588235
2025-03-20T13:15:01.8435760+00:00,374842494.07673377,232732143.78397214,6.668151000000002,1.7179005263157892,27.6754485,37.03407551851851,7.004904,49.92598517647058
2025-03-20T13:30:01.8518197+00:00,417312957.9243242,287460748.4089305,6.678784000000004,2.054207052631578,39.7793495,38.28452011111112,6.709063499999987,2.2168658235294045
2025-03-20T13:45:01.8587735+00:00,405761034.06089777,373394888.3480962,6.4214175000000004,0.5001748947368433,33.3936185,45.47669751851851,6.787129499999992,76.85138005882355
2025-03-20T14:00:01.9167649+00:00,348467554.3094681,293907781.1384299,6.586879499999995,2.902840578947369,31.850214000000005,51.203786370370345,6.579853999999998,26.43622082352941
2025-03-20T14:15:01.8598156+00:00,494003092.22458076,365884062.49041307,6.263644500000002,1.4218449473684225,37.1048565,59.85213718518519,6.710839,75.57100982352941
2025-03-20T14:30:01.8713683+00:00,457852094.6503459,441809431.8199225,6.655981499999999,2.5513411578947363,28.683050499999997,23.91831262962963,6.670005500000002,27.052545117647053
2025-03-20T14:45:01.8831649+00:00,458658659.7194992,373751597.38795185,6.275257499999999,1.1813276842105274,25.7444915,31.07321451851852,6.202751000000011,25.25025152941177
2025-03-20T15:00:01.8832564+00:00,434597979.414618,394361816.5858058,6.784189999999999,2.0358114210526317,36.9148175,33.640869629629634,6.592653999999999,1.9512376470588242
2025-03-20T15:15:01.8993461+00:00,484892156.67185986,402288129.31442785,6.651850499999995,1.1692843157894746,64.90482449999999,37.07673503703703,6.0786855,76.69864723529412
2025-03-20T15:30:01.9131373+00:00,438111976.4562231,367515411.0478454,6.6510195,1.1952035263157885,23.051326500000005,17.22715007407407,6.494135999999987,1.7427337647058823
2025-03-20T15:45:01.9164903+00:00,435756880.76414275,408395548.9476609,6.549666500000001,1.1540936315789463,21.232408,23.971512999999998,6.4268485,0.935678000000002
2025-03-20T16:00:01.9254083+00:00,458196044.9397992,411524871.1132931,6.387736,1.0274169999999998,28.808073999999998,27.66716151851852,6.4242215,25.338690294117647
2025-03-20T16:15:01.9354275+00:00,453707353.8514905,352240561.5574056,6.713805000000004,2.118849052631578,28.973442000000006,28.34360759259259,6.507782500000033,26.995292882352942
2025-03-20T16:30:01.9389276+00:00,404896432.4489607,400951645.50066614,6.482112000000001,0.6907243684210551,26.24473,42.167055222222224,6.236869000000001,25.469494882352947
2025-03-20T16:45:01.9480167+00:00,453646161.916526,441859241.6367569,6.372864000000003,0.673173789473684,27.320449000000004,31.491240629629633,6.676858999999999,0.9782641176470577
2025-03-20T17:00:01.9509514+00:00,504376352.48608905,396419896.5214879,6.1683585,1.2915734210526313,28.069619499999995,53.19555181481482,6.7298595,1.170152764705885
2025-03-20T17:15:01.9718587+00:00,470633210.1657826,388325643.0012605,6.221596000000002,1.0775584736842108,39.2548075,44.734331999999995,6.075109500000001,25.568106058823535
2025-03-20T17:30:01.9773801+00:00,457464102.5677407,402827997.6157469,6.749701999999999,0.8385602631578956,28.807139,26.8263202962963,6.763611000000001,1.244751058823525
2025-03-20T17:45:01.9920528+00:00,482378967.06634086,511250480.73543346,5.890165000000001,1.539785736842107,61.951132,53.448232222222224,6.0603005,25.29328682352941
2025-03-20T18:00:02.0079957+00:00,523326463.10002303,381764825.18775564,6.635596000000003,0.9547199473684204,67.8156135,64.63728325925926,6.530264500000051,0.8871065294117695
2025-03-20T18:15:02.0093534+00:00,472579802.65183926,448502525.8897219,6.697765000000002,0.9800904210526336,71.748628,47.305350666666676,6.765491000000001,1.4439056470588252
2025-03-20T18:30:02.0211645+00:00,508753328.40314317,310948333.4252554,6.6206475000000005,0.734894105263158,22.503517,16.360918185185188,6.605462000000004,25.469605058823525
2025-03-20T18:45:02.0339315+00:00,433638700.79164946,494585814.55228776,6.425305000000002,0.8484012631578952,51.101038,51.31423703703703,6.546538500000003,25.735990058823532
2025-03-20T19:00:02.0358926+00:00,463484467.39487886,494936698.8086022,6.839116000000001,1.0682575789473692,23.7727325,28.387366037037047,6.571542500000007,25.884198411764704
2025-03-20T19:15:02.0376662+00:00,518279761.1434723,506211161.61542195,5.862114000000002,1.0062365263157875,51.4721175,28.258420370370374,5.9265355,25.85969464705883
2025-03-20T19:30:02.0375373+00:00,484084227.97953963,460909121.1272507,6.342615,0.8422987368421063,49.3573425,36.09424851851851,6.041276499999992,0.7077426470588247
2025-03-20T19:45:02.0381196+00:00,495750390.97587264,375955581.7471763,6.589606,1.184591052631579,59.356511999999995,40.74134033333334,6.661316,25.73960305882353
2025-03-20T20:00:02.0475196+00:00,520628363.4536423,445436302.3553267,6.6967295,1.051207842105264,44.420641499999995,49.86768099999999,6.0689425,1.3270946470588196
2025-03-20T20:15:02.0481526+00:00,472569644.7294022,498125497.2091291,6.1644779999999955,1.0592498947368403,24.700098500000006,31.975956740740735,6.071252000000013,0.7549219999999972
2025-03-20T20:30:02.0571150+00:00,480676269.54275906,397976749.7289207,6.470533500000004,0.843200526315791,28.074708,34.946814518518515,6.908532499999999,25.29469835294118
2025-03-20T20:45:02.0694340+00:00,467868131.70260894,505550238.6496207,6.081919999999998,1.1323664736842103,64.862451,61.61613774074073,5.687240000000007,0.537521000000001
2025-03-20T21:00:02.0690991+00:00,515179727.1215533,450705160.7786089,6.204484999999998,0.7993466315789468,43.617003,29.180504740740734,5.872168500000001,2.3158018823529463
2025-03-20T21:15:02.0764641+00:00,500439485.00730026,453837634.8005664,6.715059,0.5765569999999984,30.8847735,31.40972214814815,6.55541,0.4998997647058818
2025-03-20T21:30:02.0895230+00:00,478320763.9321082,418091907.2620853,6.136940499999998,0.46294468421052687,22.4206665,35.40583414814814,5.913074999999998,25.807362117647063
2025-03-20T21:45:02.1005705+00:00,507195146.82981205,500128826.9721261,6.017113500000001,0.8868175263157888,29.933677,32.62412740740741,6.542825499999999,25.66212829411765
2025-03-20T22:00:02.1191705+00:00,475467115.2864766,542860566.8439285,5.8470780000000016,1.3893948421052627,35.3211675,30.107853074074075,6.125843500000004,26.150333235294116
2025-03-20T22:15:02.5696451+00:00,466423901.36599773,460805427.4315949,6.1113745,1.3228869999999997,24.691897000000004,28.455954740740733,6.4891334999999986,1.1833318823529395
2025-03-20T22:30:02.1294836+00:00,445853750.45345336,489182000.3309046,6.187288500000001,1.0940176315789472,70.4797185,50.11314374074074,5.9429339999999975,0.9184753529411752
2025-03-20T22:45:02.1489386+00:00,465385953.25453717,427751756.96494406,6.798489500000002,1.3714544210526332,37.3457245,28.395502592592592,6.7613404999999975,25.439698764705874
2025-03-20T23:00:02.1490949+00:00,371970220.7134666,448974321.280516,6.170575000000003,0.7059595789473666,43.21801550000001,74.32522777777776,6.388484,0.7847048823529424
2025-03-20T23:15:02.1622348+00:00,461803028.71155846,399434699.8266614,6.112245499999997,0.8650217368421066,29.285377,34.124499703703705,6.2865734999999985,1.1299699999999993
2025-03-20T23:30:02.1570539+00:00,441887316.4225627,415135320.92610925,5.967862500000001,1.0644672105263162,56.776718,69.78076592592592,5.999185499999998,1.3802465882352979
2025-03-20T23:45:02.1615752+00:00,369722713.1716238,449130456.78318447,7.197693000000001,24.85850563157895,74.322566,86.35668918518516,7.026582,25.582664764705875
2025-03-21T00:00:02.1650504+00:00,303917246.1882362,430397376.305277,5.946450499999997,1.104301315789476,50.5423835,65.24447422222222,6.393130500000001,26.35802623529412
2025-03-21T00:15:02.1773036+00:00,441230426.3153931,428651544.5448115,6.982714499999997,1.0717445263157905,48.0527405,46.42977751851853,6.484956500000004,0.9006237058823521
2025-03-21T00:30:02.1810804+00:00,383568005.63450444,418625057.40454686,6.3826730000000005,0.7650627368421056,44.498482499999994,43.87356277777778,6.519970999999998,25.73065417647059
2025-03-21T00:45:02.1815819+00:00,407450353.83474106,424098497.08119416,6.258783999999999,1.5466711052631592,61.716078,67.59937555555555,6.245402500000007,1.0459780000000012
2025-03-21T01:00:02.1798455+00:00,387448387.26780534,360763992.883954,6.693296000000014,1.239405578947367,28.317890999999996,46.5762594074074,6.613209500000005,13.182544999999998
2025-03-21T01:15:02.1952202+00:00,402002019.31233704,397004789.1651553,6.2774705,1.1077629999999956,22.8855655,45.47242455555555,6.327071500000001,26.675518588235295
2025-03-21T01:30:02.2048441+00:00,433076555.13720936,381110878.2129027,5.9740775,1.9469960526315786,29.117169,30.485660629629635,6.020332,26.68613811764706
2025-03-21T01:45:02.2240678+00:00,422520577.40790766,384646155.21215314,6.70392,0.9313211052631579,28.927001500000003,32.17767329629629,6.561634000000012,1.4658118235294169
2025-03-21T02:00:02.2232343+00:00,350084427.4781614,474509591.7325371,6.282004499999999,1.3677147894736834,54.1029575,49.71870125925926,6.148238999999993,1.4670292941176464
2025-03-21T02:15:02.2287416+00:00,407904302.7747706,381631373.0110552,6.576007000000001,1.1326991052631588,31.600856000000007,32.03928996296296,6.173839999999997,1.0642069411764703
2025-03-21T02:30:02.2308269+00:00,378963943.3730526,452979254.772485,6.9285309999999996,0.7482387894736828,32.697200499999994,34.93591925925926,6.587388499999999,25.637470647058823
2025-03-21T02:45:02.2357118+00:00,372256592.51065576,469919064.0445819,6.375129999999995,0.8525952631578946,52.659077,48.6768955925926,6.398151500000007,0.6405056470588181
2025-03-21T03:00:02.2368301+00:00,391399043.40209675,408842299.771504,6.435827999999997,0.8910157368421049,29.603996,47.2185968888889,6.517209499999987,50.67367170588235
2025-03-21T03:15:02.2382726+00:00,387380789.4591074,479207473.3338762,6.165548500000003,1.403201210526315,66.45907,42.93078503703703,5.961700500000001,0.903141117647059
2025-03-21T03:30:02.2539733+00:00,392903680.71242076,342638849.2095307,6.565459000000004,0.6019773684210531,39.7157355,109.00131166666664,6.407618500000007,25.55495776470588
2025-03-21T03:45:02.2640071+00:00,411189312.1973111,408347287.79615915,6.420410500000003,1.3395648421052628,34.57931,56.91442314814815,6.739310999999998,27.201178470588236
2025-03-21T04:00:02.2706043+00:00,472845017.00835264,444916034.1093804,6.395344000000003,1.0027051578947375,64.705827,39.329493666666664,6.312679999999972,0.6204577647058871
2025-03-21T04:15:02.2896149+00:00,413600186.75878954,394483565.8337208,6.4923775,0.8904381052631586,23.47541,22.05671303703704,6.286343999999996,50.95851364705883
2025-03-21T04:30:02.2984259+00:00,417658566.70397866,405376677.2240607,7.412867000000006,1.807153736842105,68.43063699999999,69.81730018518518,6.264714499999999,26.408457999999996
2025-03-21T04:45:02.2987892+00:00,409199937.4536173,376555024.53760684,6.411262500000003,1.3538026842105282,29.500158000000006,37.42759103703705,6.0828859999999985,1.5918952941176465
2025-03-21T05:00:02.3072425+00:00,412395780.7222175,448953653.297861,6.028066000000003,1.43773557894737,33.531540500000006,44.6186815925926,5.898085999999997,2.7245476470588246
2025-03-21T05:15:02.7282562+00:00,421292162.7550754,392524974.1360784,6.136105000000004,0.9876603157894749,27.801882500000005,33.78266166666666,6.760960999999999,26.472312647058825
2025-03-21T05:30:02.3178447+00:00,494226569.22286224,480562791.8858317,5.986309499999997,1.8988469999999993,34.930952500000004,48.29678455555557,6.294039499999993,1.9876255294117604
2025-03-21T05:45:02.3330969+00:00,353169870.8727343,328690131.16215205,6.347737000000002,0.9831197368421077,65.07881650000002,73.10735477777777,6.3894470000000005,1.576088588235292
2025-03-21T06:00:02.3471925+00:00,463273208.75285363,474067953.4808066,6.592722999999996,0.978914684210527,65.098487,44.37428322222222,6.5803715,0.9258804117647106
2025-03-21T06:15:02.3560884+00:00,372594149.3040784,422179259.6399777,5.902901,1.6276863684210519,37.491865499999996,39.26482459259259,5.776212000000001,0.6145907058823545
2025-03-21T06:30:02.3617083+00:00,423499217.3604207,349160768.5746445,6.8855705,0.9639556842105261,57.335162999999994,56.453143814814815,5.932282499999996,1.1142010588235305
2025-03-21T06:45:01.3641480+00:00,392774112.5676499,396426753.87684584,6.294576500000005,1.245939894736842,56.76176550000001,46.45499311111112,6.730422,25.525759
2025-03-21T07:00:01.3657051+00:00,379318787.3711039,455918183.2247377,6.091601000000001,1.3002820526315801,36.499544,57.12909655555555,5.605936999999999,1.2349814705882312
2025-03-21T07:15:01.3716765+00:00,428121496.08162487,421769171.5910295,6.4307035,0.7767559999999989,32.495011500000004,87.8437497037037,6.555232,1.028896411764708
2025-03-21T07:30:01.3740532+00:00,399822300.7992595,410910366.92601365,6.970022000000004,0.675677052631578,26.716881,26.62291337037037,6.554947,0.8146116470588209
2025-03-21T07:45:01.3784558+00:00,414099719.10272914,413330944.52607775,6.455717,1.7657052631578949,43.523215500000006,43.36050074074075,6.237200999999999,25.667221529411762
2025-03-21T08:00:01.3905722+00:00,430377338.1622884,467169054.9820569,5.9339595,0.8113743157894758,57.3106985,48.82560111111112,6.518434499999994,1.1641412941176525
2025-03-21T08:15:01.3932055+00:00,446274949.3313008,443246187.24582976,6.6253715,1.0784995263157897,54.136221500000005,51.33007603703703,6.567482499999983,0.710187352941182
2025-03-21T08:30:01.4125257+00:00,433047692.1533889,380789789.2279881,5.920112000000003,1.25298136842105,58.566182000000005,62.95595648148149,6.402214999999999,0.844734647058825
2025-03-21T08:45:01.4102506+00:00,342579338.4524634,370070845.15347964,6.575907000000001,1.3268364210526333,29.352644500000004,79.08215525925927,6.646732,1.695834647058824
2025-03-21T09:00:01.4146542+00:00,440253621.25530386,351798565.04872715,6.363937500000006,1.7763684736842107,27.891889000000003,29.826608592592603,6.487947999999999,1.4392047647058805
2025-03-21T09:15:01.4295153+00:00,456097534.9806993,430625371.4948305,6.442678500000003,0.7048548947368429,33.008289999999995,65.89204070370369,6.525615999999999,1.2852904117647133
2025-03-21T09:30:01.8791478+00:00,464930826.38322955,446946445.10890776,6.242426999999999,1.868454105263159,33.514686999999995,38.69516407407408,6.430568999999998,25.849590411764705
2025-03-21T09:45:01.4364502+00:00,486065249.1127756,381171968.57814425,6.6572974999999985,1.2612351578947372,55.173453499999994,69.70235114814814,6.459890499999997,26.196761470588232
2025-03-21T10:00:01.4490348+00:00,480176959.7645639,454285207.609951,6.475366499999996,1.449828315789474,53.193064,43.37624266666667,6.570655500000005,0.8539690588235304
2025-03-21T10:15:01.4517461+00:00,451870519.4585747,435402552.8228863,6.622051500000001,0.9694931578947368,22.894723499999998,27.87081244444445,6.304237500000006,0.6515140000000028
2025-03-21T10:30:01.4458222+00:00,453546288.70177597,397488543.3566314,6.009814500000001,0.9047088421052619,24.6016825,25.956584814814818,6.951373000000002,26.529890705882345
2025-03-21T10:45:01.4583092+00:00,492313280.82737815,474566768.7669663,6.359681000000002,1.684581631578948,27.621656999999995,23.629208370370375,6.0943700000000005,0.9239954705882368
2025-03-21T11:00:01.4679986+00:00,471074000.41528684,440632009.36341554,5.978624,1.5712051052631566,55.80440900000001,54.97467196296297,5.519343999999999,1.0928325294117653
2025-03-21T11:15:01.4832544+00:00,471180581.1227315,409799945.41858196,5.718899,1.166318000000001,42.4159035,47.423445851851845,5.984724999999998,26.09780564705883
2025-03-21T11:30:01.4850613+00:00,409494142.8812527,328752060.4315129,5.735656500000005,1.170880105263156,22.177916,30.74479255555556,6.098729000000002,26.565318294117652
2025-03-21T11:45:01.4970788+00:00,412824147.5515207,352500318.9454425,6.810363500000001,3.0074257368421056,26.521911499999998,32.397460037037035,6.922366499999992,51.57411505882354
2025-03-21T12:00:01.5002598+00:00,505718619.6606793,456180197.381211,5.907219000000001,1.3785573157894746,68.2016745,46.09851366666667,6.226453499999994,1.059480764705887
2025-03-21T12:15:01.5064724+00:00,462999986.2536861,355190354.7402201,6.226972,1.0311928421052634,26.694988000000002,49.43440385185186,6.009332000000004,1.7416044117646992
2025-03-21T12:30:01.5235919+00:00,401119507.35950017,391969134.41131264,6.049302000000001,1.3817442631578947,46.989102,59.90983144444445,6.138595000000009,1.460761823529404
2025-03-21T12:45:01.5383307+00:00,413354847.3703087,344085738.64858884,6.467694500000004,1.963477421052633,24.428935499999994,69.21188596296297,6.377749999999999,51.040534941176475
2025-03-21T13:00:01.5502690+00:00,443786564.5585657,411941583.9494399,5.5691855,1.814843157894737,21.609765499999998,29.560036259259256,5.297246500000028,25.59674911764707
2025-03-21T13:15:01.5499682+00:00,399000590.8310494,334664601.29244447,6.413555500000001,1.900462789473683,38.325520999999995,70.44758255555556,6.413762500000002,50.51454911764706
2025-03-21T13:30:01.5560714+00:00,463309647.4580996,257527452.2086956,5.813164,1.1420147368421054,32.07714299999999,43.697437407407406,6.423069999999999,13.853496117647053
2025-03-21T13:45:01.5692364+00:00,455573343.862857,431512997.2280741,5.847738499999998,0.8985277894736847,61.5743095,55.92933874074074,6.629631999999999,0.9645799999999954
2025-03-21T14:00:01.5799232+00:00,388174309.9760842,399111373.4711157,6.1905535,0.7272299999999979,32.97574300000001,47.504835444444446,6.898978000000001,38.51920352941176
2025-03-21T14:15:01.5926015+00:00,438591547.4589828,392851157.5970322,6.159922000000002,2.284625842105264,39.151450999999994,49.60099433333335,6.119674000000007,26.460071529411763
2025-03-21T14:30:01.5945246+00:00,490426167.7737534,374393626.90174323,6.311070000000001,0.8755913684210554,45.83528,39.26852822222223,6.229186999999999,0.7145186470588217
2025-03-21T14:45:01.6120270+00:00,419066028.0723715,351298872.63149744,6.836911500000003,0.8999012631578954,28.702184500000005,32.22392496296296,6.804653999999998,74.84311788235294
2025-03-21T15:00:01.6163878+00:00,452353722.3003982,410082336.47915137,6.6832100000000025,2.3528153684210515,24.667221499999997,27.46510570370371,6.43247,26.14426176470588
2025-03-21T15:15:01.6353674+00:00,431440871.11654204,373297956.42472136,6.6369735,1.7534744210526332,24.050184,21.0214035925926,6.545128,50.49187205882352
2025-03-21T15:30:01.6360821+00:00,473030312.694648,448990326.2685947,6.747382499999997,1.7461392105263163,37.11999,55.941079296296294,5.908295499999999,1.7149059999999972
2025-03-21T15:45:01.6399666+00:00,454900342.3029073,397859292.1236735,6.385814499999999,0.6930218421052627,25.585701000000004,19.516799000000006,6.587662499999999,25.421445941176472
2025-03-21T16:00:01.6616743+00:00,468667307.7487395,328461135.793301,6.761002000000005,2.050605210526314,25.964764499999998,30.235914296296297,6.9136455,25.463496705882356
2025-03-21T16:15:01.6641474+00:00,492748396.5419353,357457931.75965637,6.4589510000000026,1.4768226842105279,21.146799499999997,20.731094814814814,6.265238999999998,50.85670570588235
2025-03-21T16:30:01.6670827+00:00,531881944.69344604,433939429.33844477,6.376942999999997,0.5587604210526315,68.255573,51.074760296296304,6.395342,1.868770941176471
2025-03-21T16:45:01.6762452+00:00,467082953.6799007,403276770.171796,6.478334499999999,1.8210225263157893,28.059465500000005,20.442405777777775,5.965212999999999,25.64587123529412
2025-03-21T17:00:01.6803509+00:00,501896511.21917593,372364028.758434,6.598818999999999,0.9530349473684199,23.7016325,29.201324333333336,6.098655500000001,0.5139418235294114
2025-03-21T17:15:01.6847565+00:00,463325738.84452957,436162044.59352446,5.869371499999998,0.8420267894736825,77.7140905,72.7178837037037,6.3640384999999995,25.939789176470587
2025-03-21T17:30:01.6866701+00:00,476532788.4660231,409488780.9252848,6.268484000000001,0.7257456315789484,26.669471499999997,35.30637788888888,6.308649,25.280289352941175
2025-03-21T17:45:01.6884426+00:00,498976451.59427935,445570671.7615677,5.709818500000003,1.763427210526317,29.132638000000007,50.32087692592592,6.078746,1.1922117647058843
2025-03-21T18:00:01.6906109+00:00,482018996.20080996,431316104.88539016,6.231144500000003,1.081419157894738,26.8838455,30.77161518518519,6.111200000000002,1.8496091176470608
2025-03-21T18:15:01.6961136+00:00,517813031.01351434,490614960.68027496,5.967301000000003,0.9395462105263158,59.693937500000004,42.17172781481481,6.256411499999999,1.1751928235294136
2025-03-21T18:30:01.6985102+00:00,484176318.60424805,357586008.639126,6.501828999999997,0.6398408421052636,33.25665500000001,36.75842866666666,6.56531,0.7879928235294162
2025-03-21T18:45:01.7078830+00:00,505036341.3324348,479771477.655583,6.372948500000003,1.2422954736842124,20.895530499999992,32.42652014814815,5.574314999999999,25.31799929411765
2025-03-21T19:00:01.7570014+00:00,475834940.05676174,491821610.4908328,5.979105000000001,1.0028998947368395,66.02118399999999,39.3597172962963,6.320908000000003,0.7129462941176462
2025-03-21T19:15:01.7342845+00:00,495846085.2881685,415110774.4146277,5.941538000000005,1.1573296842105265,33.8015055,24.526928851851842,6.200751,1.4863341176470537
2025-03-21T19:30:01.7471760+00:00,476835201.43596506,400880199.6065896,6.052024499999998,0.8366673157894747,29.960661499999993,30.891098925925924,6.4141344999999985,0.939822588235293
2025-03-21T19:45:01.7505739+00:00,483703723.1067666,416474187.22075963,6.2070190000000025,0.6549809473684187,33.519663,39.0631307037037,6.608656,0.610622117647062
2025-03-21T20:00:01.7643211+00:00,458979761.76786554,422900789.8726551,6.416995500000002,0.4985529473684212,25.837670499999994,37.19117525925927,5.9783685,25.25110411764706
2025-03-21T20:15:01.7699137+00:00,482536334.94860137,431478958.5748726,6.3530150000000045,0.8844505789473669,65.57589899999999,71.28804274074074,6.353888500000003,1.5395269411764683
2025-03-21T20:30:01.7850946+00:00,494449086.9002792,476236857.43443024,5.910976999999999,0.3513795263157905,62.4144365,55.101191,5.884257500000009,0.5883435882352921
2025-03-21T20:45:01.7817987+00:00,479110932.00121844,423738831.258633,6.3901985,0.7454119473684211,38.748552,29.619575000000005,6.750177999999999,50.75405523529411
2025-03-21T21:00:01.8008037+00:00,506773917.1019879,467160714.2099122,6.096669000000002,0.9820370526315789,46.573117999999994,26.521617000000006,6.4407559999999995,26.119520647058827
2025-03-21T21:15:01.8122949+00:00,486010817.3777707,489759559.51218027,6.209760500000002,0.8183726842105274,31.062627499999998,31.94358037037037,6.716518000000001,51.237386294117655
2025-03-21T21:30:01.8127376+00:00,510999029.9385127,381079163.939484,5.252723499999998,1.492486789473687,74.9476355,40.22048977777777,6.235061000000001,25.931567352941176
2025-03-21T21:45:01.8221578+00:00,452973521.51110715,418007270.9843122,6.805625000000003,2.038842210526316,23.714453500000005,30.334526222222216,6.846085499999999,26.151757764705888
2025-03-21T22:00:01.8280704+00:00,482858409.7276313,458772360.192163,6.031611000000002,0.997595210526316,26.079630500000004,32.980501444444435,5.814850000000004,25.41754323529412
2025-03-21T22:15:01.8255439+00:00,443569965.20247227,491189222.3339584,6.686469000000001,1.2599617894736863,67.204182,56.62190444444444,6.9713055,25.61110547058823
2025-03-21T22:30:01.8331024+00:00,485314798.31303847,433159323.01186794,6.057776999999998,0.8412810526315784,57.7603335,48.152449962962976,5.998132,25.47253858823529
2025-03-21T22:45:01.8431009+00:00,423417172.6963047,389788351.46044457,6.5680905,1.1709577894736867,28.2713065,19.636362259259265,7.1771804999999995,75.68305894117645
2025-03-21T23:00:01.8435490+00:00,484138199.3796128,467450340.20516485,5.494900499999996,0.8302779999999987,59.648523,38.650429592592594,5.909053,0.8526298235294086
2025-03-21T23:15:01.8527645+00:00,503076432.0396045,400977953.5258026,6.5664915000000015,1.2543239999999987,22.865172,24.54037655555555,6.2655344999999985,1.603371941176475
2025-03-21T23:30:01.8735971+00:00,485086261.0410836,443700699.2466813,6.228660000000001,1.3947553157894736,35.494608,35.60454170370369,5.976896,0.646776823529408
2025-03-21T23:45:01.8801106+00:00,497214583.1496998,443081374.3732716,5.660944500000003,0.855513000000002,58.491814500000004,40.7266261851852,5.718636999999998,1.5684914117647033
2025-03-22T00:00:02.3196716+00:00,481286667.59758776,490549127.106635,6.074750999999999,0.9381586315789491,48.851795499999994,43.76645418518519,6.031414500000002,75.922788
2025-03-22T00:15:01.8869119+00:00,499674875.8021811,443466951.14880306,5.958700499999999,0.7567126842105264,41.344907500000005,45.66721125925927,6.452999499999999,0.6903568823529439
2025-03-22T00:30:01.9000457+00:00,402733342.3525387,406298748.60199684,5.964567499999998,0.650261578947367,32.7122195,49.660048962962975,6.2433440000000004,0.5931429411764702
2025-03-22T00:45:01.9059891+00:00,450968679.0783328,360859767.27683514,6.691641499999999,1.6722706842105266,24.620811500000006,46.151956074074086,6.625524500000012,26.507862176470592
2025-03-22T01:00:01.9181887+00:00,410348541.0241073,392574420.8192531,6.657656000000003,0.6233248947368409,39.304701,35.466086555555556,6.9063609999999995,51.24866329411765
2025-03-22T01:15:01.9310935+00:00,397696208.34862995,410224572.5507982,6.627115499999999,1.6769272631578924,29.049156999999997,32.02845292592593,6.693505499999999,50.06007517647058
2025-03-22T01:30:01.9275787+00:00,483136708.6361276,478293356.1427016,6.0649545000000025,1.0580294210526326,48.964743999999996,42.753282703703704,6.25406,1.5902012941176464
2025-03-22T01:45:01.9290304+00:00,442718434.00075847,446063132.61365783,6.316182999999999,0.5131331578947372,31.621718499999997,35.33091240740741,6.448322999999993,0.7016090588235292
2025-03-22T02:00:01.9458269+00:00,407486301.0236767,373632293.1611214,6.751380000000005,0.680691368421054,24.671402499999996,35.271867925925925,7.258667500000001,125.87486252941177
2025-03-22T02:15:01.9626336+00:00,470689758.0854803,452000062.9173524,6.072322999999997,0.8503575263157908,50.940858999999996,36.198944,6.6548929999999995,51.31736364705882
2025-03-22T02:30:01.9669392+00:00,408814421.1757891,384971093.9319109,6.249734499999999,1.2389727894736855,74.9239865,64.71820459259258,6.185546500000001,0.8608246470588226
2025-03-22T02:45:01.9753074+00:00,457849196.0392511,407265576.3002744,6.235505999999997,1.1418974736842096,50.068094,66.65367977777777,6.1081579999999995,1.763246529411767
2025-03-22T03:00:01.9737444+00:00,470754212.1959583,449605510.69566864,6.111622500000001,1.6116985789473657,51.714291,34.321005777777785,5.913872000000004,26.20181823529412
2025-03-22T03:15:01.9843855+00:00,465764362.31801647,497335484.34460187,6.6382695,1.0808175263157902,47.039525999999995,35.14417574074074,6.937543999999992,26.261372941176475
2025-03-22T03:30:01.9900018+00:00,470430909.11634594,346495986.4348069,6.682556500000004,2.842931263157895,24.737020500000007,27.45092948148147,6.445259499999992,1.3380565294117654
2025-03-22T03:45:02.0046871+00:00,355248740.27226347,402474767.40002245,6.380193000000002,1.0340193684210546,27.682658999999997,35.654640703703706,6.777828500000001,26.45711217647059
2025-03-22T04:00:02.0169560+00:00,462322211.09613806,428128204.4721658,6.451069500000003,1.4354513157894737,32.148703,23.150025703703704,6.8601040000000015,1.1731967647058852
2025-03-22T04:15:02.0252505+00:00,450541181.3778516,415715008.461024,6.352360000000001,2.1719180526315793,30.019145,35.69628644444444,6.351080000000002,25.733444588235294
2025-03-22T04:30:02.0272150+00:00,470065916.08829707,430961399.27383024,5.608964,0.9571124210526312,54.85535899999999,61.27199374074074,5.627106500000001,0.757097176470584
2025-03-22T04:45:02.0434117+00:00,427831679.59177536,435863648.55333394,6.263686000000003,0.9376909999999987,25.8698385,49.476952666666676,6.503315,26.605151411764712
2025-03-22T05:00:02.0448116+00:00,417849258.7170995,393945824.0287104,7.013178499999999,1.4422322631578945,29.0091875,38.83688848148148,6.657727499999992,0.8931321764705853
2025-03-22T05:15:02.4949772+00:00,458098483.3943286,457513336.98952776,5.604974999999998,0.8161974736842088,72.851997,69.0012791111111,5.781718499999999,0.7055069999999981
2025-03-22T05:30:02.0487545+00:00,460065399.90165347,453786750.24115694,6.644036,0.8979765263157903,49.658480499999996,40.909252444444434,6.673999000000006,26.430604411764715
2025-03-22T05:45:02.0626309+00:00,523937912.0092202,452610992.09535766,5.811756500000001,0.862145894736841,38.4445415,31.2761332962963,5.833371000000001,25.613374529411765
2025-03-22T06:00:02.0714756+00:00,451472426.53918374,445102234.32762825,5.6314744999999995,0.889981315789472,27.3734425,28.76648803703704,6.645737500000006,50.93981117647059
2025-03-22T06:15:02.0826993+00:00,477937798.07184815,416171871.56176585,6.540790499999996,0.6910648947368409,44.876754500000004,41.14820107407408,6.807511000000002,0.45294170588235216
2025-03-22T06:30:02.0957521+00:00,449148309.3812092,415347109.7653204,6.212205000000001,1.489514894736842,25.644663000000005,31.689033259259254,6.869095999999997,76.05507311764705
2025-03-22T06:45:02.0956105+00:00,518433652.3369279,408235536.94099396,6.372097499999999,1.3117745789473672,65.53207,35.13401848148149,6.247443000000008,25.69142294117647
2025-03-22T07:00:02.0894392+00:00,389423669.37579936,408784735.320189,6.190772000000003,0.5574533684210522,25.1155775,31.56603103703704,6.356608,1.8803526470588219
2025-03-22T07:15:02.0975189+00:00,436246055.0761093,418395213.7498987,6.757510000000007,2.0942567368421057,24.3627155,33.790737481481486,6.017164999999998,0.8656464117647056
2025-03-22T07:30:02.1052667+00:00,467038932.2396994,456895621.0366806,6.158313999999997,1.4554781578947373,34.365184,34.552358222222225,6.3716545,25.720984705882362
2025-03-22T07:45:02.1022025+00:00,426439022.6009837,388425292.05131316,6.423566499999996,1.5737882631578974,33.4291335,42.98561722222222,6.0544530000000005,0.7109818235294108
2025-03-22T08:00:02.1246211+00:00,432466914.5119945,427713748.1080985,6.313060999999998,0.8877697368421051,48.70818849999999,68.17979285185184,6.366962999999999,1.16804211764706
2025-03-22T08:15:02.1275318+00:00,371352992.77178067,356110489.36519223,6.5180630000000015,0.9583734210526322,27.700828499999997,31.019085962962965,7.520625,52.62464847058824
2025-03-22T08:30:02.1414402+00:00,435422183.66726136,435058014.7301042,6.717546000000002,1.976362789473685,28.022693,33.07348655555556,6.757225499999999,25.82452052941177
2025-03-22T08:45:02.1416973+00:00,413159937.53832275,419528391.561184,6.406776999999998,1.247202947368421,38.159938,51.66916125925927,6.70567800000001,26.444560352941185
2025-03-22T09:00:02.1373521+00:00,452611254.69802123,394705632.50045186,6.287612500000002,1.4768496842105268,46.657423,42.77157725925926,6.585003,1.2254333529411785
2025-03-22T09:15:02.1456978+00:00,472016458.4239527,401868489.37756103,6.159713,0.9559485263157905,28.34582,35.39119733333333,6.816319999999999,50.25730664705882
2025-03-22T09:30:02.5806702+00:00,512444015.6692352,380393977.1478325,6.451562500000001,1.0718354210526317,51.563714000000004,41.726898481481484,6.177942000000003,1.882680411764708
2025-03-22T09:45:02.1936109+00:00,440966041.5689533,450919474.7240937,5.910194499999999,0.8826007368421044,30.333317,36.465968518518515,6.582612999999995,26.85323252941176
2025-03-22T10:00:02.1599036+00:00,485418441.58493906,409902849.9317187,6.532519499999999,1.23262,28.154083499999995,42.30174725925925,6.667383999999999,26.959734000000005
2025-03-22T10:15:02.1533392+00:00,469469047.39573085,373422436.2281628,6.094392499999998,1.5761378421052656,24.450357999999998,22.670790000000004,6.268954,0.5283555294117678
2025-03-22T10:30:02.1720983+00:00,462138249.50637805,409631263.86584157,6.791397499999999,1.4807526842105267,29.3056475,28.04306059259259,6.196399000000001,1.4550311176470572
2025-03-22T10:45:02.1903080+00:00,449189167.773833,433167655.37610245,6.326205000000002,1.5478530526315781,28.3842485,29.073538925925916,6.400778499999998,24.9390015882353
2025-03-22T11:00:02.1964575+00:00,412085763.44965464,352527038.11306417,6.685252500000001,1.0105997368421056,26.808548000000002,36.39817866666667,6.708790500000003,50.22399917647059
2025-03-22T11:15:02.2073586+00:00,432233974.58784294,435145384.9729866,5.707286499999999,0.8522036842105261,29.283500000000004,36.991694111111094,6.112005999999999,50.04066
2025-03-22T11:30:02.2110122+00:00,465060090.20668674,318264415.9560339,6.5282209999999985,1.361412473684211,25.158673500000003,20.627676333333334,6.232789000000011,1.092833764705886
2025-03-22T11:45:02.2081144+00:00,458774863.0111931,489651054.6254612,5.869990000000001,0.9979186315789466,44.04257,47.284978222222215,6.2766185,25.278178411764703
2025-03-22T12:00:02.2186869+00:00,467264258.8242258,437081589.507653,6.262303999999997,0.8380291578947382,55.4368155,60.375614074074065,6.166985,25.95957494117647
2025-03-22T12:15:02.6845062+00:00,474964229.65337634,427698977.5663123,6.844577500000003,1.483586947368421,64.24844200000001,41.88662566666667,7.248042499999993,50.920206411764696
2025-03-22T12:30:02.2406887+00:00,461346663.83130205,385146333.7806217,6.22092,1.447196999999999,43.450801999999996,35.46270533333333,6.293117999999997,24.990641705882354
2025-03-22T12:45:02.2377896+00:00,444861939.3083029,473331520.8465489,6.181082,2.3420116315789485,28.444201499999995,38.43906351851851,5.962701000000001,25.468531000000002
2025-03-22T13:00:02.2374091+00:00,379660842.12034,365999765.6210419,6.369282500000004,1.225230315789476,32.97371699999999,40.8302444074074,6.729231499999991,76.06283023529413
2025-03-22T13:15:02.2424486+00:00,419550185.329577,319634301.9570827,6.225758500000001,0.694033263157893,24.779778499999995,37.395270111111124,6.599159000000014,24.990622588235293
2025-03-22T13:30:02.2469614+00:00,458324860.4531484,411872521.62206864,5.794775999999999,1.1979943684210546,44.46448349999999,34.41926411111111,5.6984509999999995,25.468416529411765
2025-03-22T13:45:02.2604770+00:00,461456875.7032749,375706625.83767647,6.121682499999999,1.2149539473684188,32.837070499999996,29.065681814814823,6.7276065,50.308332882352936
2025-03-22T14:00:02.2736219+00:00,397826967.0018022,331100336.2090416,6.067517999999996,0.7820357368421065,22.992583,53.149457370370364,5.6896615,26.49095705882352
2025-03-22T14:15:02.2769164+00:00,456939037.99919415,422226080.3945278,6.008731000000001,22.891372421052633,28.748294499999997,37.62882892592593,6.02726,26.45633370588235
2025-03-22T14:30:02.2908054+00:00,477411171.11939883,440412002.2523507,6.4434085,1.8655842105263154,24.6544455,35.04837325925924,6.3314235,2.477856941176474
2025-03-22T14:45:02.2993548+00:00,368649332.89931005,410977922.3830697,6.588310000000003,2.1921264210526297,23.058086000000003,63.351833888888876,6.4874054999999995,0.9316727058823524
2025-03-22T15:00:02.2996152+00:00,469588657.75659806,327209370.306528,6.3682250000000025,1.1409225789473703,22.157448500000005,48.75767155555556,6.828497,26.92598058823529
2025-03-22T15:15:02.3075955+00:00,489539871.11777514,354426096.4324935,6.6685289999999995,0.9733843157894713,41.8703785,30.69385274074074,6.474967500000003,51.189861058823524
2025-03-22T15:30:02.3268294+00:00,458364981.8334815,418037322.14113057,6.761809000000003,0.6473243157894754,23.797679000000002,28.362771888888886,6.690194000000012,25.57926870588235
2025-03-22T15:45:02.3173631+00:00,511595660.68077576,356776531.7062203,6.472533500000001,1.2400409999999986,22.984632500000004,19.262352074074062,6.280680499999999,25.34183770588235
2025-03-22T16:00:02.3318946+00:00,474302025.9689349,469003162.7308625,6.368779999999997,1.388361842105264,32.43841449999999,44.31815940740741,6.350795999999999,1.452689235294116
2025-03-22T16:15:02.3403317+00:00,453445585.4425903,437904013.8109493,6.465560499999999,1.452044947368421,22.052444500000004,28.92335311111111,6.052704,25.117314235294113
2025-03-22T16:30:02.3503208+00:00,436889918.01350456,396263175.2604011,6.417579500000002,0.8056712105263172,25.957379,33.32847055555555,6.606550500000002,25.57735776470588
2025-03-22T16:45:02.3618044+00:00,473466550.6804788,426805109.887846,6.541893000000002,0.7795487894736847,38.47685200000001,46.256749259259266,6.332863999999999,0.8440150000000003
2025-03-22T17:00:01.3663621+00:00,479155549.0799059,453907676.59294003,6.2385090000000005,1.5568530526315796,30.625873000000006,52.45264488888888,5.872975,26.062022352941177
2025-03-22T17:15:01.3733945+00:00,499908306.8158167,378006458.58670217,6.527160000000002,0.6049346842105269,29.302694500000005,26.693004518518524,6.629336999999999,1.0005675294117646
2025-03-22T17:30:01.3764914+00:00,512070686.882548,437381483.2028042,5.853243999999997,0.840102789473685,74.7960045,57.30923699999998,5.9921590000000045,25.81375970588235
2025-03-22T17:45:01.3882680+00:00,446651698.05842763,455566052.15010077,5.9145875,0.7158436842105252,33.3274915,24.945189407407398,6.096141000000001,49.785427411764694
2025-03-22T18:00:01.4552065+00:00,486060600.309956,409377324.6993333,5.9931415,1.2293968947368399,47.975511499999996,38.35851481481482,5.770343,25.919148352941182
2025-03-22T18:15:01.4238683+00:00,531143711.5528102,485875962.04754525,6.364079999999998,0.9201834736842114,44.071703,51.58290359259259,5.907574000000003,25.590581411764703
2025-03-22T18:30:01.4400212+00:00,465494224.652641,426237378.8653969,6.364835499999998,1.1954814210526343,58.237778999999996,49.27377281481482,6.1728599999999965,1.2512112352941176
2025-03-22T18:45:01.4662408+00:00,472506570.0190344,465973301.40421534,6.564804499999999,0.8376554210526322,38.821335499999996,41.240013555555564,6.352380500000001,0.5912638823529399
2025-03-22T19:00:01.4394694+00:00,463903407.3206001,412257683.6700931,6.064341499999998,2.1541173157894726,41.445415499999996,59.81244859259259,6.204427500000001,0.6021264705882396
2025-03-22T19:15:01.4454832+00:00,494307372.79218566,422101881.0049473,6.306224499999999,1.2013304736842112,32.670115,36.27983255555555,6.2968785,1.189673882352941
2025-03-22T19:30:01.4460220+00:00,470289903.40358156,480687211.5669189,5.781999000000001,0.9547154210526311,61.782948000000005,32.91569740740741,5.784587,1.3204905294117608
2025-03-22T19:45:01.4579973+00:00,493969893.29165655,426910180.82710046,6.2414875,0.6519262631578947,59.140367999999995,36.610539814814814,6.475747499999996,25.57307676470588
2025-03-22T20:00:01.4738243+00:00,446332144.7991562,429578712.9405135,6.531654,1.0310880526315795,25.252816000000003,53.50949018518518,6.6426665,25.062383
2025-03-22T20:15:01.4809829+00:00,465294834.4828537,449186340.0772713,6.505665999999998,1.244054263157894,46.5853125,39.42852166666666,6.5828375,25.11710976470588
2025-03-22T20:30:01.4901102+00:00,497664735.56310475,385787170.28670055,6.962489999999999,0.9461773684210519,26.326659,21.486457814814827,6.519457499999987,25.785443058823525
2025-03-22T20:45:01.4930527+00:00,535698942.6648712,502134904.52255535,5.900696,1.4133263157894727,70.53432699999999,37.66739862962963,6.1611095,25.559877411764706
2025-03-22T21:00:01.5057412+00:00,510889143.71520644,502998017.6556128,5.968052,0.8213152105263156,26.652910000000002,22.25274737037037,6.2652745,26.00205529411765
2025-03-22T21:15:01.5205054+00:00,512725600.6787732,402155862.9469987,5.956995500000001,1.3632959473684192,25.444934,25.124326444444453,6.501168000000002,25.776566235294133
2025-03-22T21:30:01.5296651+00:00,474404117.0668057,394190171.2050407,6.667342999999999,1.4937031052631586,27.778924999999994,37.44273866666668,6.507364000000001,0.6888911176470587
2025-03-22T21:45:01.5484907+00:00,491135877.055988,467912445.5287704,5.759293000000001,1.6132655789473684,24.956394000000003,46.064492518518534,5.812658999999992,51.075934588235285
2025-03-22T22:00:01.5508099+00:00,481850401.0584878,448641830.33239007,6.404505,1.5363723684210537,70.226591,81.89294511111112,6.789797999999999,0.610285999999996
2025-03-22T22:15:01.5544378+00:00,500032196.82008445,452768749.5932413,5.919057500000001,0.9740455789473708,54.3469015,53.67218996296297,6.318260500000001,0.5565692941176463
2025-03-22T22:30:01.5596622+00:00,495845126.07880867,438440663.623635,5.5711580000000005,0.761763052631579,55.6533575,45.69431170370372,6.083966000000018,0.9190907647058764
2025-03-22T22:45:01.5769579+00:00,476810262.168013,307968676.5809632,6.722144,1.9574296315789474,28.885260499999994,25.491381962962958,5.8834335,26.20380311764706
2025-03-22T23:00:01.5809523+00:00,511925131.85797155,386190067.1379556,6.238533499999999,0.9572455789473686,29.306856500000002,51.290291666666675,6.415140500000005,25.36799682352941
2025-03-22T23:15:01.5833981+00:00,496887353.5189509,388309279.64613575,6.862834000000003,1.1812542105263162,30.585140000000003,24.25665840740741,6.7258144999999985,25.93495917647059
2025-03-22T23:30:01.5942666+00:00,452478144.96172214,473852133.29485774,6.2158545000000025,2.1860597894736844,29.9462175,55.046529555555566,6.187704000000001,51.01631194117646
2025-03-22T23:45:01.5963089+00:00,463363894.303134,374451573.4555374,6.418422,1.8774474736842077,24.720905,25.929451740740742,6.559572500000006,2.722565529411767
2025-03-23T00:00:01.6212785+00:00,484585044.6016073,380269877.33463407,6.547418999999998,1.9052318947368416,64.38327299999999,67.79246937037038,6.1307195,0.7021144705882332
2025-03-23T00:15:01.6321960+00:00,482414324.6479629,503414609.0084745,6.110842000000002,2.035602578947368,67.57639,39.30760800000001,6.679301500000008,26.143869647058818
2025-03-23T00:30:01.6477085+00:00,510502464.37107223,349994889.40397805,6.467544499999999,1.385340999999999,24.516160999999997,42.22017892592592,6.318536500000039,0.6308521176470585
2025-03-23T00:45:01.6543455+00:00,470722430.09700155,391876977.7324129,6.625677999999997,1.0134872105263164,61.8204955,65.82764240740741,6.5438315000000005,0.6531284117646987
2025-03-23T01:00:01.6665426+00:00,427746419.56412035,481738129.0547124,6.4265285,1.5622214210526326,26.552270500000002,24.967062000000006,6.112154,1.697482588235294
2025-03-23T01:15:02.1277817+00:00,489779060.83100885,408649823.1039271,6.521967000000004,1.3611307368421037,30.429871000000006,44.15486229629629,6.514571,26.65895394117647
2025-03-23T01:30:01.6774528+00:00,453997268.7751519,450489656.6984453,5.789747000000002,1.1536014736842097,56.17210800000001,68.37558874074074,5.790453999999999,1.3619393529411785
2025-03-23T01:45:01.6865256+00:00,430135110.89039266,332838640.04805857,6.410347000000002,1.2345878947368412,23.876044500000003,27.63550459259259,6.3581355,0.5198980588235214
2025-03-23T02:00:01.7066114+00:00,448823531.87974715,378968283.5394794,6.260829000000001,1.9922388947368428,30.003198000000005,46.361246629629626,6.105748000000013,0.6010370588235305
2025-03-23T02:15:01.7122958+00:00,468767249.2764884,392348042.2765792,6.3143475,0.5752677894736841,26.849411500000002,33.037985185185185,6.241753999999999,1.0692509999999997
2025-03-23T02:30:01.7390325+00:00,470286701.95591813,457495586.95298797,6.676760000000002,2.119327157894736,46.29288050000001,37.51386185185185,7.200935000000003,52.5500155882353
2025-03-23T02:45:01.7304551+00:00,480389238.49102056,400851102.34158534,7.0236754999999995,1.7553267894736815,27.386179000000002,20.391757148148148,6.3662325000000095,0.6888937058823509
2025-03-23T03:00:01.7426487+00:00,452928839.4815104,474691625.76757896,6.006596999999996,1.343543210526315,50.716721,44.79496888888889,6.187585500000001,25.57600729411765
2025-03-23T03:15:01.7463142+00:00,427693558.56309617,414021868.619577,6.069844500000002,1.2729270526315801,30.4600405,23.185988222222225,5.762192000000006,0.7567258235294134
2025-03-23T03:30:01.7688479+00:00,454453555.3951461,348660417.7541018,6.045066000000002,1.7242676842105262,30.526286,28.43949655555555,6.890811499999998,26.310278588235292
2025-03-23T03:45:01.7749189+00:00,514963581.89417803,471232405.1660428,5.860404500000001,1.639102631578946,56.84925799999999,49.46064207407407,5.954084500000001,1.113579000000001
2025-03-23T04:00:01.7898249+00:00,480510552.6393949,466569423.38649637,6.115905999999999,1.8544342631578967,73.026123,79.65542207407408,6.046727000000002,0.9277577647058851
2025-03-23T04:15:01.8019262+00:00,493249702.914927,429027606.4708779,5.8828955,1.3111451578947375,60.653158,57.64057096296296,5.8988324999999975,0.5735334117647068
2025-03-23T04:30:01.8184631+00:00,465182827.5594917,467342661.79189974,6.550650500000003,1.6221383157894755,31.260826499999997,39.68647692592593,6.532163000000001,25.913947176470586
2025-03-23T04:45:01.8233794+00:00,425674509.1730953,449513185.61551106,6.452977000000001,1.7145738947368432,31.035291,32.08205625925926,6.9363845,25.21390135294118
2025-03-23T05:00:01.8243901+00:00,474075032.7965881,448459741.77230537,6.3216280000000005,1.467603157894736,64.93833350000001,52.902629185185184,6.718750999999999,1.452812999999999
2025-03-23T05:15:02.2434850+00:00,487630816.6524834,464512126.67792666,6.476408500000002,2.3349989999999985,43.1324345,48.02260811111111,6.421284499999999,0.9639621764705917
2025-03-23T05:30:01.8481491+00:00,439565083.20730287,388849286.28986776,6.667740500000004,0.9948663684210498,26.999054499999982,21.920496814814815,6.861503999999999,26.126988588235296
2025-03-23T05:45:01.8508720+00:00,458815139.2342397,460780401.1153012,6.3169045,1.2593908421052629,60.9931595,44.60417437037036,6.071967500000001,1.3975363529411804
2025-03-23T06:00:01.8724978+00:00,526980563.4851374,428990807.6346029,6.001042499999997,0.8103766315789486,56.689016499999994,43.07974822222223,5.738925999999996,26.191679352941172
2025-03-23T06:15:01.8851355+00:00,472284410.5159405,438938382.485873,6.230965499999996,0.5862085263157888,61.70345049999999,48.84450322222222,6.028876499999999,0.9718432941176459
2025-03-23T06:30:01.9110564+00:00,425582243.8182417,478016903.97604537,7.118925000000001,4.107019789473684,42.624519500000005,80.24375059259258,6.8001915,25.80211564705882
2025-03-23T06:45:01.8904530+00:00,484397711.34974766,483932885.18679863,6.487333499999998,2.414069052631579,36.1354165,44.59350066666666,6.480004500000007,25.478167235294116
2025-03-23T07:00:01.9050159+00:00,439970850.9330934,391345064.73029673,5.918895500000001,1.7023250526315785,23.843619999999998,33.578820925925925,5.963877000000003,25.397239588235294
2025-03-23T07:15:01.9138180+00:00,498206325.8423565,436073314.24738246,6.711996999999997,2.3568777894736845,60.74967649999999,39.02374288888888,6.574772499999995,25.71437935294117
2025-03-23T07:30:01.9152753+00:00,397691688.51467246,428847055.9769235,5.645557999999998,1.0044421052631576,24.979063,43.47688274074074,5.935593999999999,0.7471665294117686
2025-03-23T07:45:01.9197940+00:00,449128617.0825587,355194625.6786426,6.294225500000003,2.8540678947368447,31.2304545,26.01772562962963,6.267137999999992,26.009449647058812
2025-03-23T08:00:01.9195464+00:00,313259705.3262573,405807760.3331798,6.555286499999998,0.6022188421052653,37.842805,44.698075851851854,6.945946,26.121768941176466
2025-03-23T08:15:01.9286378+00:00,482175222.9904513,416350767.67021596,5.950669999999999,1.4512262105263165,25.719329500000004,36.15105599999999,6.269561999999997,26.55463111764706
2025-03-23T08:30:01.9262735+00:00,437307039.1683172,498577385.2409343,5.765342499999999,0.7059443684210521,54.122894,54.08402307407408,6.331139,0.6797107647058818
2025-03-23T08:45:01.9460558+00:00,448624292.0864533,446795921.94426054,5.862847000000002,1.1042236315789478,58.58162,55.5600397037037,6.325334500000008,1.749057588235295
2025-03-23T09:00:01.9378892+00:00,457593812.2572041,348196113.94123286,6.134001000000001,1.267416,28.043012999999995,53.399048407407406,6.749723500000038,74.33648517647059
2025-03-23T09:15:01.9456097+00:00,470750412.7844884,367983528.4255879,5.993591000000002,0.7803416315789464,45.10983349999999,41.295677851851856,6.458906499999999,1.5628454705882364
2025-03-23T09:30:02.4076123+00:00,455140324.34519047,346275743.33356285,5.541486499999998,1.1264022105263152,59.3926785,57.67768977777778,6.185065000000016,50.26882076470588
2025-03-23T09:45:01.9579381+00:00,505238126.2784112,418295785.65508676,6.162096000000002,0.5873306842105265,30.027029,23.968871407407406,6.5008405,50.965989941176474
2025-03-23T10:00:01.9805996+00:00,485538895.91632634,360223302.5891891,5.8701075,1.0724512631578946,41.35868550000001,58.76847696296296,6.0127869999999985,0.7266844705882405
2025-03-23T10:15:01.9918235+00:00,516313413.6625386,513404633.1399053,5.982589999999998,1.5841177894736829,49.347497000000004,52.361865481481495,5.841119999999997,1.2051426470588191
2025-03-23T10:30:02.0051900+00:00,437906886.99407077,403047137.746232,6.8582325,1.0148222105263145,23.2126065,43.55050674074074,6.268347499999998,25.571420764705884
2025-03-23T10:45:02.0219713+00:00,429132636.806132,315985303.5927094,6.474216500000001,1.3036801578947375,21.623103500000006,31.24901003703704,7.057544999999973,49.903913588235284
2025-03-23T11:00:02.0338441+00:00,435133769.28090996,379469956.8887033,6.497022000000001,1.7207750526315795,26.167406000000003,32.44514214814816,7.146983499999998,51.12033029411765
2025-03-23T11:15:02.0374921+00:00,439297685.05382246,371113847.5643773,5.947064500000003,0.8707582631578962,37.094598500000004,49.04086374074073,5.945005999999996,1.6136895882352922
2025-03-23T11:30:02.0357968+00:00,446693228.3027919,347394430.6847392,5.903529500000001,0.8583301052631569,36.065323,90.1514379259259,5.917153999999998,50.457101470588235
2025-03-23T11:45:02.0494345+00:00,468363998.97560424,354315554.965206,6.505496999999995,1.1369937894736855,46.2633835,52.837963592592594,6.362582,0.8892044117647093
2025-03-23T12:00:02.0618662+00:00,405986435.2893961,293606948.80756056,6.6197345,2.5282968421052594,34.429317000000005,34.049592814814815,7.087878,50.31660705882355
2025-03-23T12:15:02.0750637+00:00,438940960.49997336,387652460.98376316,6.739153999999996,0.7294867894736855,36.961314,46.377416222222216,6.420734000000007,27.283110235294117
2025-03-23T12:30:02.0765994+00:00,449480295.25982034,414219438.70269746,6.383240000000004,1.037599157894735,30.883936500000004,42.00496914814815,6.316764000000002,51.080761352941174
2025-03-23T12:45:02.0834886+00:00,459570781.1403185,439796712.79345274,6.074135000000002,0.7973928421052635,57.76073100000001,34.42100988888889,6.322714999999989,1.4271292941176479
2025-03-23T13:00:02.0990920+00:00,358138389.7140169,207422068.0127013,6.760774500000004,0.7443709473684207,30.50955599999999,45.46745107407407,7.287487500000017,51.78554652941177
2025-03-23T13:15:02.1042140+00:00,400594780.48731244,414678399.05217946,6.219101999999996,0.7257084210526328,43.1543675,67.334292,6.383138999999999,0.7166938235294104
2025-03-23T13:30:02.1096582+00:00,430641645.8323465,360750902.44784176,5.7844380000000015,1.9647519473684216,32.10841549999999,40.30927166666667,6.329239499999986,26.70118752941177
2025-03-23T13:45:02.1309152+00:00,427377031.85031396,327366887.50616246,6.6596525000000035,1.7391845789473692,79.590779,32.236536962962965,6.7385815,50.397444529411764
2025-03-23T14:00:02.1437108+00:00,446814992.0394736,400504671.3761934,5.635757499999997,1.2380980526315786,32.605721,59.54530881481482,5.990335500000001,25.57315911764707
2025-03-23T14:15:02.6270778+00:00,470951041.99203736,401015080.6206337,6.093105000000001,0.6994882631578957,30.2437735,30.759690111111112,6.462243,50.38926476470588
2025-03-23T14:30:02.1673570+00:00,399686947.24224263,331557560.93209666,7.036511999999995,2.764384210526317,29.815746000000004,48.03847625925926,7.419502499999998,26.689398647058823
2025-03-23T14:45:02.1774514+00:00,479525544.38724935,474902129.2522922,5.9301350000000035,1.3187517368421044,26.4435505,24.800097851851856,6.498803500000006,1.1923922941176501
2025-03-23T15:00:02.1930051+00:00,438624661.7214793,238419546.7601505,6.718456999999994,2.1716266315789468,64.00143600000001,86.83978670370374,7.5349889999999995,26.695143823529413
2025-03-23T15:15:02.2014693+00:00,462609076.6302359,402083083.4632443,6.473695500000002,2.6991462105263153,34.05211400000001,38.23982925925926,7.211403999999998,2.3393754117647028
2025-03-23T15:30:02.2062696+00:00,420486141.51525277,425515730.3116666,6.498431000000004,1.260004473684211,59.477083500000006,59.288373925925924,5.904622499999997,0.7198796470588258
2025-03-23T15:45:02.2073042+00:00,461283246.20823073,359363594.559276,6.315319000000006,1.3581944736842113,22.503694499999998,26.13769162962963,6.467096999999995,25.96071594117647
2025-03-23T16:00:02.2203488+00:00,496913390.72147834,426011204.2871201,6.309730999999999,1.4119159999999986,27.564339499999996,36.7023435925926,6.303015500000001,0.6733860000000016
2025-03-23T16:15:02.2280579+00:00,469784688.7709246,480888471.8584457,6.043478500000001,2.2360986842105257,40.0144775,46.13022966666666,6.439505499999987,25.731776058823524
2025-03-23T16:30:02.2297187+00:00,476902113.05169314,505160543.83192044,5.673810000000001,0.7767806842105279,29.037939499999997,39.67097374074075,6.002987000000001,1.5254357647058854
2025-03-23T16:45:02.2446737+00:00,468604225.8187784,458450339.0891706,6.154805000000003,0.6438857894736845,34.946196,32.68068196296296,6.410013,0.6772038823529432
2025-03-23T17:00:02.2557968+00:00,480451899.6230023,467915575.21755034,6.406320500000003,1.5128701578947363,21.020552000000002,27.611032740740733,6.664359999999995,25.843880588235294
2025-03-23T17:15:02.2666684+00:00,476445585.8855892,467621748.22710764,5.916998000000001,1.0468888421052636,24.863530999999995,20.203704851851853,6.009225499999998,25.177714705882355
2025-03-23T17:30:02.2820657+00:00,473295084.55224186,439472316.53422153,6.243465000000002,1.0863741052631584,65.965551,42.37440551851851,5.950384,50.30214547058825
2025-03-23T17:45:02.2853693+00:00,500344149.64205194,505140596.03351027,5.356904499999999,0.7989745789473692,66.03272000000001,46.939467518518505,5.607773,0.600833058823525
2025-03-23T18:00:02.2812551+00:00,508674193.2364883,510687039.9506006,6.041945999999999,0.5262887894736858,52.9062855,41.64367270370371,6.048649499999992,0.6485327647058824
2025-03-23T18:15:02.2873877+00:00,492482262.95155555,481755313.35563165,5.684614999999999,0.7079905263157897,65.817802,60.234516074074065,5.8429029999999935,0.6772875882352947
2025-03-23T18:30:02.2992202+00:00,492766367.3815968,494914803.56037694,5.6316585,0.6216724736842097,55.50815300000001,56.59792611111111,6.112093999999989,25.449747470588235
2025-03-23T18:45:02.3267156+00:00,485580308.6782164,478957215.2880634,6.177273,0.33119636842105393,25.228368999999997,67.44905851851853,6.5090734999999995,24.80742011764706
2025-03-23T19:00:02.3246932+00:00,449804120.80990165,432640153.8615194,6.534433499999999,0.7940967894736858,56.36910949999999,44.68753474074074,6.5101039999999974,1.0026008823529393
2025-03-23T19:15:02.3399396+00:00,504970477.7853088,482710108.99134827,6.244725500000001,0.8164347894736848,33.361529,35.1789832962963,6.308504000000001,0.986562764705881
2025-03-23T19:30:02.3607179+00:00,478809221.97266775,457244266.14874375,6.266642500000003,0.7768305789473686,82.9671875,71.39182044444445,6.3166785,0.7770649411764674
2025-03-23T19:45:02.3628186+00:00,489179325.1899994,432292661.05825,5.762250499999997,0.8654768421052624,57.902392000000006,36.819315296296296,6.364400499999999,25.672938176470584
2025-03-23T20:00:01.3693009+00:00,523077786.4658362,490115688.613815,5.824504500000003,0.6183018947368436,41.8918845,33.16617981481481,6.262658,0.574955823529409
2025-03-23T20:15:01.3840453+00:00,482899772.0978397,523621344.31256133,5.890853000000002,0.5705656842105273,49.283485999999996,35.13019651851852,6.1466785,0.6565965882352932
2025-03-23T20:30:01.4095310+00:00,471697460.38498014,376002481.81637645,6.280742499999999,0.6491310526315732,29.271438,33.70276444444444,6.5299059999999995,25.412375411764707
2025-03-23T20:45:01.4171283+00:00,490236922.1283689,437275872.75596607,6.4778664999999975,2.0438134736842097,31.533467999999996,29.96754088888888,6.596879500000002,37.94287652941176
2025-03-23T21:00:01.4153520+00:00,505824990.92953014,481957204.85520643,5.996513999999998,1.2725652631578928,23.0377035,26.73225959259259,6.220835999999996,38.411139705882356
2025-03-23T21:15:01.4157370+00:00,482570287.4325743,473006054.24060774,6.060599000000003,0.8934242631578938,61.791542500000006,79.85992792592593,5.982608,1.055733411764705
2025-03-23T21:30:01.4341310+00:00,481719389.05723953,449602621.1068549,6.1355854999999995,1.6931528421052633,35.731179499999996,27.483290703703712,5.73612,0.6057447058823537
2025-03-23T21:45:01.4372363+00:00,436964373.3958916,476875553.97383744,5.9159749999999995,0.622292947368421,32.72654849999999,61.572528518518524,6.4354070000000005,25.644694588235293
2025-03-23T22:00:01.4533536+00:00,465729026.5208522,418055222.7111635,6.995381000000002,1.3991391578947368,33.013746,36.58570396296296,6.526861000000001,26.069996352941175
2025-03-23T22:15:01.4491438+00:00,516093174.1073889,452776978.8096204,6.035447000000001,0.6586849473684225,25.810395,33.23988755555555,6.415757999999992,37.56590205882353
2025-03-23T22:30:01.4527887+00:00,491584091.2369515,479273508.700465,5.960693999999997,23.87338415789474,54.448495,37.81735529629629,6.035527500000001,0.8572897647058831
2025-03-23T22:45:01.4597983+00:00,500492894.5982587,354367692.963269,5.644869,1.732613736842105,33.0845635,30.198560703703706,6.403473000000011,2.869593411764703
2025-03-23T23:00:01.4781941+00:00,425670279.89573497,441753277.9827698,6.446855999999997,0.7435918947368427,28.782902500000006,52.77741644444444,6.640314499999995,25.758556588235294
2025-03-23T23:15:01.4735860+00:00,475728437.5928218,405313876.41167766,6.220054500000003,1.2334140000000011,61.3151595,67.98893355555555,6.083579500000005,37.608219647058824
2025-03-23T23:30:01.4862799+00:00,351324171.10049915,457884556.3687394,5.9097215,1.4062226315789497,64.0196535,86.32370577777776,6.019586500000001,0.9149274117647044
2025-03-23T23:45:01.4855158+00:00,344299977.9960128,396913999.85582006,6.228679999999997,0.8249058421052636,26.279349999999997,49.584487333333335,6.540850499999999,0.7932652941176496
2025-03-24T00:00:01.4902764+00:00,292546204.13604075,432351134.1945539,6.392861,0.8219392631578952,85.1039735,94.31863470370371,6.201510000000006,25.720486058823525
2025-03-24T00:15:01.4962591+00:00,467837223.07909703,424762133.7938387,6.311693999999999,0.8295301052631593,67.7309215,52.30498529629628,7.213471000000003,0.9433062352941176
2025-03-24T00:30:01.5276652+00:00,333200211.0157816,398834612.0122231,6.194100000000002,1.5364981052631574,36.756022,72.9891888888889,6.006710499999996,0.7257135294117645
2025-03-24T00:45:01.5251403+00:00,265626842.79383814,401141631.7950762,6.174303500000001,1.115062473684209,37.60859299999999,43.79780344444444,6.52508899999998,0.5377565882352909
2025-03-24T01:00:01.5250206+00:00,410717258.3968232,402668838.6837478,6.434357500000001,1.5108710526315794,26.502950499999994,32.793629259259255,6.261439999999988,0.6635871764705922
2025-03-24T01:15:01.5529557+00:00,457252269.09151584,456872345.44971406,5.619671500000003,0.6101528421052619,53.9213865,39.316383185185174,5.930137499999997,0.9577342352941183
2025-03-24T01:30:01.5533050+00:00,447779686.6650746,374255725.60349923,6.1571609999999986,0.8810408947368416,50.2379985,35.08233188888889,6.219917999999998,2.285121411764705
2025-03-24T01:45:01.5671350+00:00,428303528.82300264,437547584.38030905,7.284764500000001,1.402891105263159,27.9814285,24.244013925925916,7.083549499999994,50.234091
2025-03-24T02:00:01.5754434+00:00,386543746.9191279,375557874.9685275,6.025649000000001,1.4490300000000014,46.6814405,36.726866666666666,5.932105000000012,0.7169312352941165
2025-03-24T02:15:01.5910272+00:00,411379510.0623888,400444637.6133792,6.765772999999999,1.1997262105263151,84.3417525,42.7774907037037,6.6795959999999965,25.98938970588236
2025-03-24T02:30:02.7011636+00:00,465729284.8643832,372622433.11269873,6.0995545,0.9510663157894751,28.465373,30.657406999999996,5.785330000000005,0.80428417647059
2025-03-24T02:45:02.0373619+00:00,504582240.92357564,374850773.60075927,5.5345834999999965,1.1876602105263159,54.139340000000004,36.71403192592594,6.4365739999999985,2.2473375294117686
2025-03-24T03:00:02.0552280+00:00,414795697.43210495,382569874.5289668,6.020620500000003,1.2457042105263139,36.75242900000001,41.737614370370366,6.669477999999991,1.5483907058823518
2025-03-24T03:15:02.0527205+00:00,414004626.55171096,345647530.32824963,6.460955000000002,1.2877307368421045,28.316810000000004,23.006136222222224,6.7461825,1.2076685294117642
2025-03-24T03:30:02.0533360+00:00,398147305.1411795,356244718.88548684,5.727370499999999,1.1621597894736848,31.477981000000003,48.878782074074074,5.949012999999995,52.25430064705882
2025-03-24T03:45:02.1155429+00:00,430556959.9749602,450468248.5647773,5.804493999999998,1.7384423684210517,43.05806199999999,61.31310529629627,5.148449499999999,1.5178400588235292
2025-03-24T04:00:02.0758405+00:00,306308016.28435147,481766760.32567483,5.2772349999999975,1.2738038421052638,63.596900500000004,95.96006800000002,6.31546,1.36496982352941
2025-03-24T04:15:02.0898476+00:00,243101736.89640093,364714597.71085733,6.0745849999999955,1.0524433684210517,56.1482865,84.71444,6.389511000000001,0.8354074117647008
2025-03-24T04:30:02.5579971+00:00,409383278.97315717,420363611.3730832,6.021814500000001,2.2504504210526304,24.634686,27.02842055555555,6.341321000000004,2.482977176470588
2025-03-24T04:45:02.1048052+00:00,364925131.0588473,425752211.43590945,5.824667499999997,1.2519747894736852,34.09648250000001,55.30954422222223,6.218783500000001,0.45381917647059034
2025-03-24T05:00:02.1062669+00:00,272327745.0729742,443572576.0514762,5.884697499999998,0.7405794736842118,58.800916,67.96706562962962,6.16301650000001,0.7511324705882332
2025-03-24T05:15:02.1164274+00:00,378728094.6118955,353223065.74952465,6.362098,0.47708399999999895,36.452793,28.814517666666664,6.403441000000001,0.4101936470588196
2025-03-24T05:30:02.1280734+00:00,378467297.24710596,365450239.58825964,5.885139500000001,1.724905157894738,28.263579500000002,40.01017829629629,6.382017500000001,2.10635658823529
2025-03-24T05:45:02.1367506+00:00,384393552.55463505,369775567.01038206,5.682210000000001,0.687538842105262,34.073657,49.16893874074074,6.076979500000008,25.184684000000008
2025-03-24T06:00:02.1375207+00:00,344451575.22121125,359051660.39194787,5.745423999999996,1.440837368421053,26.955194500000005,43.8083115185185,5.889181499999998,0.6302929411764724
2025-03-24T06:15:02.1431773+00:00,461509302.9078902,431221256.23612475,5.6014035,0.8109116842105262,50.362416499999995,60.45005362962964,5.7253655000000006,1.3445549411764706
2025-03-24T06:30:02.1687498+00:00,429900924.37651426,467754716.7899713,5.161272000000004,1.0193747894736858,34.501626,35.83108814814815,5.922393499999991,1.0880335882352914
2025-03-24T06:45:02.1643875+00:00,353396717.1813683,374041936.6750165,6.138611999999995,1.2861838421052638,33.346225000000004,64.73228148148148,6.250154,25.963750705882354
2025-03-24T07:00:02.1764860+00:00,379780813.60874295,351322506.373355,6.0035755,1.6732376315789477,39.787715000000006,52.57465514814814,6.3240775,0.8627348235294109
2025-03-24T07:15:02.1823996+00:00,407022563.92435455,437331397.25473535,5.6008095,1.6478445789473688,40.1504125,90.69249840740741,6.065213,1.0260181176470564
2025-03-24T07:30:02.2004976+00:00,405342029.96219426,379344763.4604684,6.4947035,1.1746564210526294,32.000696500000004,35.741179851851854,6.357089000000005,24.971558470588235
2025-03-24T07:45:02.1930422+00:00,383811210.22321284,451274504.4801306,5.355943999999997,1.3526298421052647,59.6305835,78.30987977777778,5.850180000000002,0.8171609411764694
2025-03-24T08:00:02.2075885+00:00,324636964.2076917,326309685.4751972,6.179506500000002,0.9485912105263153,33.928597999999994,55.82481944444447,6.877257999999998,65.78052870588236
2025-03-24T08:15:02.2151922+00:00,382495681.1111443,417110592.6182202,5.7577384999999985,1.9493789999999998,41.881362,70.4788825925926,6.534632,0.8317099999999993
2025-03-24T08:30:02.2199006+00:00,318249517.5630731,461607985.35558015,5.596551999999999,0.7286437368421063,50.9332795,122.70741340740743,5.592532,3.10680417647059
2025-03-24T08:45:02.2354734+00:00,457809443.6860817,435537522.8345469,5.914913499999997,1.9885892631578956,26.744344,76.26863685185187,5.8996629999999985,0.961802411764711
2025-03-24T09:00:02.2527725+00:00,460169397.56194746,429754310.12510127,6.609112500000002,1.662066526315791,39.5609865,63.48098800000001,7.058309000000006,1.8651104705882373
2025-03-24T09:15:02.2494523+00:00,452319374.8432002,322147170.7544313,6.068545999999998,0.508106052631579,28.340629500000002,27.013148481481487,5.978021000000004,0.9521291764705886
2025-03-24T09:30:02.2597713+00:00,424436993.51305085,440957835.68685484,6.460118000000005,1.3545288421052626,33.3205725,39.14511848148147,6.659979499999999,13.330955529411765
2025-03-24T09:45:02.2668892+00:00,507216761.9260993,453684182.09796894,5.258219499999999,0.8392230526315803,32.9993095,44.66518992592593,5.924186000000002,25.24080547058824
2025-03-24T10:00:02.2733081+00:00,383085703.7622598,320831582.1218795,6.8456779999999995,1.1855141578947352,37.003201000000004,90.29285418518519,7.244726999999997,30.111663882352932
2025-03-24T10:15:02.3298685+00:00,418154548.1826272,374527654.2409435,6.526692500000003,0.6334156842105247,24.549383999999996,29.611294962962962,6.862033500000001,26.818733294117646
2025-03-24T10:30:02.3075273+00:00,449005551.31555855,403158828.54403293,6.472525000000001,0.554891842105263,25.789423499999998,25.204190518518526,6.9867654999999935,1.0655840000000008
2025-03-24T10:45:02.3141612+00:00,485535123.225043,350264421.3698475,5.810631999999998,1.4398475789473693,40.3661005,62.7317637037037,6.876119499999999,1.2171852941176375
2025-03-24T11:00:02.3118116+00:00,451232435.7170504,414905044.62845564,6.1081305000000015,2.060843578947367,26.947627,49.28240888888889,5.886000499999999,49.815776352941185
2025-03-24T11:15:02.3166846+00:00,421088996.9595271,353308019.80816966,6.093708500000002,1.5038779473684207,23.111184,20.368386444444447,6.657274999999999,0.5553334705882369
2025-03-24T11:30:02.3296220+00:00,389499053.0557033,366605049.9092393,6.431861000000001,1.5003098947368432,26.31295250000001,55.62146977777776,6.409758000000007,1.417921529411769
2025-03-24T11:45:02.3319362+00:00,423826146.5489971,293478735.9725898,6.587577,2.7024738421052636,21.777484,33.73179588888889,6.028901999999999,26.38586894117648
2025-03-24T12:00:02.3437152+00:00,396211905.665102,285235008.9099473,6.711069499999997,1.5695791052631598,29.101611,64.53002170370371,7.168438500000001,13.035246
2025-03-24T12:15:02.3374482+00:00,446085898.6233451,367667181.238598,6.668664499999998,0.7320964736842097,63.836058,57.9388618888889,6.561717499999991,26.04061558823529
2025-03-24T12:30:02.3411388+00:00,444110810.4084296,438434823.7251433,6.3743555,0.9042360000000007,33.57406599999999,55.969929,6.138975,0.7524226470588279
2025-03-24T12:45:02.3536908+00:00,507572495.3240486,440757919.12410444,6.296169499999998,1.3260748947368417,37.27041200000001,33.62067825925925,5.8757165000000064,0.6361867058823527
2025-03-24T13:00:02.3719110+00:00,450824903.5587385,426988590.32421607,5.727099500000005,0.8600020526315777,23.6064955,26.07999507407408,5.997049999999998,1.5708842352941232
2025-03-24T13:15:01.3807955+00:00,383503440.1860433,445601019.45562696,6.2982295000000015,2.238582578947369,34.734131000000005,46.00634340740739,6.356173500000017,28.63464035294118
2025-03-24T13:30:01.3819049+00:00,471436522.4910481,425402492.2549846,5.936874499999998,1.2341379999999988,32.293268999999995,24.841123777777778,6.518267999999999,1.1879158235294132
2025-03-24T13:45:01.3967301+00:00,391301148.5744127,283822482.35290986,6.412612000000003,2.140755315789473,40.96401099999999,80.11036074074073,6.197967500000011,25.977204588235296
2025-03-24T14:00:01.4000142+00:00,466618921.88624954,350732303.6317063,6.477475500000001,0.722158684210526,34.3550475,41.636764296296285,7.283741999999998,1.2704437647058806
2025-03-24T14:15:01.4032340+00:00,472415766.631059,407754180.032488,5.674272000000002,1.4201777894736858,28.737015999999997,20.2404082962963,6.0410249999999985,0.9349433529411761
2025-03-24T14:30:01.4189764+00:00,464174255.758867,462411421.6070423,6.145504499999998,2.697927736842105,20.989447,21.36770674074074,6.1641200000000005,2.8557068235294167
2025-03-24T14:45:01.4143893+00:00,398594984.5011412,352703903.1702802,6.6512195,1.7871037368421057,22.565072500000007,28.40191688888888,6.651878000000011,1.869780999999996
2025-03-24T15:00:01.8654503+00:00,431748658.1818277,348125867.9168928,6.581579000000001,26.48096768421053,29.874933,29.357263481481496,6.540762500000002,1.1346770588235255
2025-03-24T15:15:01.4225344+00:00,454821443.8759837,470903144.01083875,6.6652445,1.487033842105263,29.393145999999998,29.03351240740741,6.771452500000004,25.467382941176478
2025-03-24T15:30:01.4278752+00:00,468903447.4575932,449410849.82817227,5.885455,0.6810411052631573,25.642672000000005,25.565941851851854,6.140042499999998,1.4840700588235265
2025-03-24T15:45:01.4509948+00:00,491815808.1647914,408936185.485237,5.9340730000000015,1.9545629473684207,41.77831499999999,54.290283037037035,6.101411499999993,2.5146415882352975
2025-03-24T16:00:01.4279293+00:00,500594047.2991198,341347581.7871643,6.473016000000005,1.2418464736842092,31.853911499999995,44.79476874074076,7.182896999999988,27.35385835294118
2025-03-24T16:15:01.4383755+00:00,496625244.8258313,400662268.1183983,6.205423500000002,0.6799583684210532,22.311557000000004,23.475982592592597,6.742637500000001,26.202775470588236
2025-03-24T16:30:01.4478084+00:00,490670991.80162877,460106372.92370546,5.919786499999997,1.5258935789473678,55.329982,43.17309551851851,6.426642,0.9404248235294138
2025-03-24T16:45:01.4521654+00:00,477886758.6501546,423645099.3198537,5.701121499999999,0.4406306842105252,36.7592425,52.17132874074074,5.412771999999998,0.5998125294117661
2025-03-24T17:00:01.4904643+00:00,485150431.2933194,458268491.0240524,5.950572000000001,0.8576909473684197,24.468476000000003,19.67972788888889,6.4922005,1.5534756470588222
2025-03-24T17:15:01.4594212+00:00,458634501.9691487,425653557.935648,6.516634500000002,0.6224392631578948,31.243017,47.71365466666667,6.1966855,0.4417498235294114
2025-03-24T17:30:01.4679445+00:00,447438768.00932384,382500822.8460718,5.589463500000001,1.2190147368421056,21.5123815,37.53592177777778,6.1909395000000025,0.7440873529411777
2025-03-24T17:45:01.4659525+00:00,504213526.6286539,499223387.90107244,5.722888999999999,0.7667919999999997,25.020566,47.350782148148134,6.338616499999999,50.32902070588235
2025-03-24T18:00:01.4869011+00:00,461129258.0594104,491928443.4801505,6.766866,1.4268771578947388,28.790638,53.107543,6.5615215,1.1581727647058793
2025-03-24T18:15:01.4821539+00:00,487406146.27071685,423130409.7742039,6.248829000000001,1.0355843157894737,41.906985,41.586932666666684,7.1073929999999965,0.814669764705881
2025-03-24T18:30:01.4948732+00:00,495005748.6866967,399967328.74758554,5.978996499999997,0.8335099473684199,32.40128800000001,36.33582700000001,5.930309500000001,25.239342411764703
2025-03-24T18:45:01.5039557+00:00,468861269.2254311,471885141.3104026,5.968823,0.8054185263157897,34.504935,39.43407014814815,6.1823545,25.8302655882353
2025-03-24T19:00:01.5109909+00:00,531849217.5931514,486023468.2606596,5.545479,0.6935641578947376,59.175214999999994,50.39080777777776,5.922547499999999,0.6689805882352902
2025-03-24T19:15:01.5203173+00:00,504381450.23023224,428621292.8750431,5.942351000000002,0.8593107368421047,21.5856895,44.61578585185186,5.954439499999999,0.8323683529411791
2025-03-24T19:30:01.5241018+00:00,492706651.1821215,441665691.928518,5.793012500000003,1.1638581578947367,38.0171945,34.970151703703706,6.390989000000008,0.787592941176474
2025-03-24T19:45:01.5275728+00:00,504346346.1980618,440210852.1080953,5.848834999999998,1.0839778421052617,23.232151000000005,27.18769125925926,5.809433500000006,0.7855719411764682
2025-03-24T20:00:01.5349867+00:00,505049465.0397726,509451994.1615296,5.600952000000001,0.7571486315789459,31.084351,74.53520174074073,5.86314999999999,25.434088058823527
2025-03-24T20:15:01.5484621+00:00,504358152.1563009,453325808.5943502,5.564678500000001,22.454735684210522,18.9281975,20.431570370370363,5.7255685,0.4977436470588297
2025-03-24T20:30:01.5521605+00:00,505088144.07450074,402139331.82913,5.578129999999998,0.8588719999999995,27.6688315,23.004408407407407,6.138443000000004,1.3855580000000012
2025-03-24T20:45:01.5650427+00:00,494466245.4454272,558041622.2618572,5.623774999999997,0.5011567368421058,26.741986499999996,32.44542766666667,6.168659999999994,26.260871235294115
2025-03-24T21:00:01.5798111+00:00,501650795.2770925,374181166.048306,6.4686340000000015,1.6015966315789514,31.019824,41.02342277777778,6.4772385,25.07801264705883
2025-03-24T21:15:01.5860858+00:00,516128816.6517348,422666115.13993996,5.733597000000003,1.2642920000000015,26.105082000000003,33.10416196296297,5.6707339999999995,1.2028257058823495
2025-03-24T21:30:01.5883879+00:00,510744901.5476709,382407079.1002332,5.905130500000002,0.9549544736842108,21.165488000000003,20.34969225925926,6.283807499999999,0.6108900000000019
2025-03-24T21:45:01.5965581+00:00,515795221.1136287,388898373.5161761,6.441143,0.8340307368421037,27.054040499999996,26.320302296296294,6.7010475000000005,25.89317158823529
2025-03-24T22:00:01.6043480+00:00,492216062.63874865,465760986.33748364,5.924632000000001,0.5573949999999996,48.320707999999996,56.855930222222234,5.7997630000000076,0.5334667647058805
2025-03-24T22:15:01.6081887+00:00,509366467.89913285,517011500.8535603,5.9251665,1.0637524736842108,27.056129000000002,27.6029242962963,5.759113500000012,24.90967076470588
2025-03-24T22:30:01.6560969+00:00,437706247.5978422,376997338.01997185,6.033643000000001,0.9121253157894734,32.073557,32.18474437037038,6.3368179999999965,0.8371368823529411
2025-03-24T22:45:01.6207358+00:00,467794705.063284,441074070.3694118,6.370386499999999,0.6138919999999972,19.8914,16.73321803703703,6.220966000000001,1.724413529411761
2025-03-24T23:00:01.6177693+00:00,473572484.45135957,508915754.7525016,5.577462500000001,0.8761833684210526,52.785441000000006,37.519883666666665,5.578131999999999,0.6593457647058812
2025-03-24T23:15:01.6310890+00:00,479608937.5474531,409258834.3144515,6.210715500000003,1.4549279473684233,29.209853500000005,51.62054796296296,6.3285315,25.355123529411767
2025-03-24T23:30:01.6367045+00:00,432310708.1738774,381806650.4937532,6.655231499999996,2.230123368421054,58.1404275,48.45137725925926,6.133160500000001,26.174862823529416
2025-03-24T23:45:01.6419325+00:00,390246870.7959176,367601351.76304305,6.5943770000000015,1.822926263157892,27.114402499999997,34.566372,6.740637499999979,24.96689282352941
2025-03-25T00:00:01.6668686+00:00,450108817.3897124,327234910.1484024,6.511284499999999,0.6058257368421056,50.51804,31.98102733333334,6.336786000000002,1.3733180000000063
2025-03-25T00:15:01.6759612+00:00,374994475.9767907,234143292.46703216,6.569816499999998,24.417991263157894,55.895187500000006,31.538092481481485,6.8310555000000015,27.251418941176468
2025-03-25T00:30:01.6792543+00:00,396350111.63367975,475518361.57183385,5.694887000000001,1.2795284210526312,36.7017025,52.094842333333325,5.322578499999999,1.1520611764705886
2025-03-25T00:45:01.6865554+00:00,420653513.23285,465795036.04015356,5.9790825000000005,0.6629402105263142,24.397043000000007,38.77188807407406,6.289103999999998,1.1452085882352951
2025-03-25T01:00:01.6928630+00:00,356632488.4020257,399613863.80487263,6.874508999999996,68.42010931578947,32.8209935,49.904832851851864,6.772687000000001,0.580903647058823
2025-03-25T01:15:01.6985010+00:00,427352463.8429104,438202094.4334606,6.191726000000003,23.024907210526315,27.3316145,32.370827333333345,6.327020499999994,1.0143204705882385
2025-03-25T01:30:01.7094074+00:00,383829555.9256546,416316048.1833786,6.250553500000006,1.1255030526315792,27.060000499999997,21.53891662962963,6.630774999999998,27.312449117647052
2025-03-25T01:45:01.7210133+00:00,455578949.7488233,424252069.616933,6.289992000000002,1.8038672631578958,32.8772935,32.69305170370371,5.733372499999996,0.7187040588235362
2025-03-25T02:00:01.7280964+00:00,410302211.2871441,382200877.0905333,5.936879999999999,1.6958673684210537,39.113915000000006,41.36169481481482,5.596032,0.8346637058823522
2025-03-25T02:15:01.7402286+00:00,442968927.34583473,383189930.88698685,6.257896000000002,1.2483827368421037,27.545870500000003,30.609711481481483,6.134799000000001,0.8277543529411707
2025-03-25T02:30:02.0547042+00:00,459735992.4621352,404633856.0568928,5.198329999999995,1.0897396315789454,28.202316000000003,50.218413777777776,5.1984885,0.7558534117647038
2025-03-25T02:45:01.7458777+00:00,403219739.5861564,454511021.2975904,6.065857500000002,1.0792708947368412,23.906106,62.16826774074074,5.809911999999991,2.711903176470589
2025-03-25T03:00:01.7412423+00:00,396011599.13950574,413791978.9434304,6.810745000000001,1.6757801052631571,68.9657835,112.68344818518518,6.591261999999992,1.7481779411764733
2025-03-25T03:15:01.7543387+00:00,375397784.41173345,383527347.0731284,5.917816999999999,0.8393918947368423,30.7039535,37.0528797037037,6.579541000000001,1.4427237647058835
2025-03-25T03:30:01.7574028+00:00,365694258.6668606,407356328.8220724,6.144963000000001,0.931389105263159,25.7199645,42.72757237037036,6.425461,26.008821117647063
2025-03-25T03:45:01.7678746+00:00,463323832.03512156,400862981.6785559,5.4996715,1.1888312105263172,35.1997865,35.756005037037035,5.592088499999999,1.199789352941169
2025-03-25T04:00:01.7622153+00:00,324540601.1552196,448104723.25623935,5.494165500000001,1.9651363684210539,52.7193975,49.614324407407416,5.1898184999999994,0.9641378235294131
2025-03-25T04:15:01.7750150+00:00,395305735.9273238,439876110.13918656,5.717869499999999,0.9991775263157908,27.4374975,27.148285851851853,6.173164499999995,1.27288970588235
2025-03-25T04:30:02.2104084+00:00,381947943.7966655,293153568.39256054,5.962526,1.0479727894736832,34.142189,40.405951481481495,6.636076999999998,1.5463240588235332
2025-03-25T04:45:01.8450786+00:00,433098109.9439445,427688980.7092927,6.228177000000002,1.4844718947368425,42.89173,82.63870051851853,6.627259999999999,0.8043241764705935
2025-03-25T05:00:01.7949019+00:00,476460205.9111931,375697627.4017299,6.675172999999997,2.305017947368419,48.1332235,46.90339862962961,6.2892529999999995,1.24559617647059
2025-03-25T05:15:01.8282839+00:00,421495393.13702404,432716330.59411037,6.436228000000003,2.247825578947369,28.734796000000003,42.90551214814815,6.140314500000001,1.1822485882352947
2025-03-25T05:30:01.8133898+00:00,422697972.9307553,434189388.03619075,6.342492000000004,1.5946579473684204,28.820063,53.73241733333333,6.242167000000002,0.4365401764705903
2025-03-25T05:45:01.8099502+00:00,408783666.56910694,325680675.87196046,6.0052154999999985,1.4380022631578937,29.394345499999996,47.955704925925914,6.7969295,25.917476
2025-03-25T06:00:01.8082302+00:00,428614441.9316625,445768853.3173092,5.7819834999999955,1.8233683157894736,47.521369,55.7674741851852,5.88766,1.6875927058823557
2025-03-25T06:15:01.8345546+00:00,384451160.0536377,513594517.17431575,5.8329010000000014,1.012408210526316,49.646009500000005,60.55386166666666,5.949818000000001,1.6161482941176477
2025-03-25T06:30:01.8309025+00:00,436639389.78843796,359816115.0727171,6.672153499999997,1.0081082631578937,28.787260000000003,42.17118366666667,6.760197499999999,1.0960899411764697
2025-03-25T06:45:01.8353608+00:00,412784030.4023521,450402840.49604493,6.662769999999998,1.571277210526315,40.121194,31.025247037037044,6.333255999999999,0.9576383529411752
2025-03-25T07:00:01.8771280+00:00,415428263.5754836,403968297.5646672,5.857995499999998,1.3582164210526297,46.213478499999994,97.13757025925925,6.288720499999999,1.003890882352941
2025-03-25T07:15:01.8594183+00:00,430295443.95005727,422942740.09060144,5.842372000000001,0.9024166842105269,23.982673499999997,22.35950522222222,6.580006999999991,3.88395376470588
2025-03-25T07:45:01.8643066+00:00,402258359.3629367,369722983.15573746,5.7419690000000045,0.42503415789473603,23.514923,44.761008555555556,6.043442500000001,25.954213705882353
2025-03-25T08:00:01.8681197+00:00,463069590.1824464,455475350.9703498,5.699970500000001,1.6779814736842105,27.2585335,39.91336577777778,5.959579499999993,24.744005588235293
2025-03-25T08:15:01.8627962+00:00,444429174.0183101,404233740.8137975,6.154237000000002,1.2417196315789476,70.04090450000001,126.89270418518518,6.5938975,50.35540664705883
2025-03-25T08:30:01.8799694+00:00,303419728.5994721,339626306.6992243,5.799153500000003,1.7056489473684215,29.672653,67.74078996296295,6.201796999999999,25.621473823529417
2025-03-25T08:45:01.9395458+00:00,420802260.141393,408762452.97501945,6.601727500000003,1.227530210526315,30.68875,32.378561,6.397978000000001,50.115354882352946
